	gene	pops
0	ATP1	P2F11;P3D03
1	IRA1	P2F11;P1C05;P3D09;P1C06;P1C06;P3B10;P1C08;P3F05;P3D11;P2B11;P2E06;P3D05;P1F11;P1F05;P2F07
2	PCA1	P2F11;P1B04
3	MTC5	P2F11;P2B04;P2B07;P3D05;P3G10;P2C05;P2D06;P2B08
4	BFR2	P2F11;P1C04
5	YCG1	P2F11;P3G06;P3D03
6	ARO80	P2F11;P2F02;P2F02;P2E06;P2C05;P3F09
7	SLM1	P2F11;P2F11;P2C10;P3F05;P2B11;P3D05;P1C04
8	UBC8	P2F11
9	FAR7	P2F11;P3D02
10	nan	P2F11;P2F11;P2F11;P2B09;P2B09;P2B09;P2B09;P2B09;P2F02;P2F02;P2F02;P2F02;P2F02;P2F02;P2F02;P2F02;P1C05;P1C05;P1C05;P1C05;P1C05;P1C05;P1C05;P1C05;P1C05;P2G08;P2G08;P2G08;P2G08;P2G08;P2G08;P2G08;P2C10;P2C10;P2C10;P2C10;P2C10;P2C10;P3D09;P3D09;P3D09;P3D09;P3D09;P3D09;P3D09;P3D09;P3D09;P3G05;P3G05;P3G05;P3G05;P3G05;P3G05;P3G05;P3G05;P3G05;P1C11;P1C06;P1C06;P1C06;P1C06;P1C06;P1C06;P1C06;P1C06;P1C06;P1C06;P1C06;P1C06;P1C06;P3G02;P3G02;P3G02;P3G02;P1C02;P1C02;P1C02;P1C02;P1C02;P1C02;P1C02;P1C02;P1C02;P1C02;P1C02;P1C02;P1C02;P1C02;P1C02;P2D03;P2D03;P2D03;P2D03;P2D03;P2D03;P2D03;P2D03;P2D03;P2D03;P2D03;P2D03;P2D03;P2D03;P2D03;P2D03;P2D03;P3G06;P3G06;P3G06;P3G06;P3G06;P3G06;P3G06;P3G06;P3G06;P3G06;P3G06;P3G06;P2C04;P2C04;P2C04;P2C04;P2C04;P2C04;P2C04;P2C04;P2C04;P2C04;P2C04;P2C04;P2C04;P2C04;P2C04;P2C04;P2C04;P2C04;P2C04;P2C04;P2C04;P2C04;P1G09;P1G09;P1G09;P1G09;P3G11;P3G11;P3G11;P3G11;P3G11;P3G11;P3G11;P3G11;P3B07;P3B07;P3B07;P3B10;P3B10;P3B10;P3B10;P3B10;P3B10;P3B10;P3B10;P3B10;P3B10;P3B10;P3B10;P3B10;P3B10;P1F10;P1F07;P1F07;P1F07;P1F07;P1F07;P1B11;P1B11;P1B11;P1B11;P2B04;P2B04;P2B04;P2B04;P2B04;P2B04;P2B04;P3F11;P3F11;P3F11;P3F11;P3F11;P3F11;P1B02;P1B02;P1B02;P1B02;P1B02;P1B02;P1B02;P1B02;P1B02;P1B02;P3C07;P3C07;P3C07;P3C07;P3C07;P3C07;P3C07;P2G05;P2G05;P2G05;P2G05;P2G05;P2G05;P2G05;P2G05;P2G05;P2G05;P2G05;P2G05;P2G05;P2G05;P2G05;P3C10;P3C10;P3C10;P3C10;P3C10;P3C10;P3C10;P3C10;P3C10;P3C10;P1C08;P1C08;P3C03;P3C03;P3C03;P3C03;P3C03;P3C03;P3C03;P3C03;P3C03;P3C03;P3C03;P3C03;P3C03;P3C03;P3C03;P3C03;P1G10;P1G10;P1G10;P2G11;P3C04;P3C04;P3C04;P3C04;P3C04;P3C04;P3C04;P3C04;P3D03;P3D03;P3D03;P3D03;P1G04;P1G04;P1G04;P1G04;P1G04;P1G04;P1G04;P1G04;P3D10;P3D10;P3D10;P3D10;P3D10;P3D10;P2B10;P2B10;P2B07;P2B07;P2B07;P2B07;P1E11;P1E11;P1E11;P3F05;P3F05;P3F05;P3F05;P3F05;P3F05;P3F05;P3F05;P3F05;P1G05;P1G05;P1G05;P1G05;P1G05;P1G05;P1G05;P1G05;P3D11;P3D11;P3D11;P3D11;P3D11;P3D11;P3D11;P3D11;P3D11;P3D11;P3D11;P3D11;P3D11;P3D11;P1D09;P1D09;P1D09;P1D09;P3D02;P3D02;P3D02;P3D02;P3D02;P3D02;P3D02;P3D02;P3D02;P3D02;P3D02;P3D02;P3C05;P3C05;P3C05;P3C05;P3C05;P3C05;P3C05;P3C05;P3C05;P3C05;P3C05;P2G10;P2G10;P2G10;P3E08;P3E08;P3E08;P3E08;P3E08;P3E08;P2B11;P2B11;P2B11;P2B11;P2F09;P2F09;P2F09;P2F09;P2F09;P2F09;P2F09;P2F09;P2F09;P2F09;P2F09;P1B04;P1B04;P1B04;P1B04;P1B04;P1B04;P1B04;P1B04;P1B04;P1B04;P1B04;P1B04;P1B04;P1B04;P1B03;P1F08;P1F08;P1F08;P1F08;P1F08;P1F08;P1F08;P1E04;P1E04;P1E04;P1E04;P1E04;P1E04;P1E04;P1E04;P1E04;P1E04;P1E04;P1E04;P3F07;P3F07;P3F07;P3F07;P3F07;P3F07;P3F07;P3F07;P3F07;P3F07;P2B05;P2B05;P2B05;P2B05;P2B05;P2B05;P2B05;P2B05;P2B05;P2B05;P2B05;P2B05;P2E11;P2E11;P1H11;P1B07;P1B07;P3B08;P3B08;P3B08;P3B08;P3B08;P3B08;P3B08;P2E06;P2E06;P2E06;P2E06;P2E06;P2E06;P2E06;P2E06;P2E06;P2E06;P3F03;P3F03;P3F03;P3F03;P3F03;P3F03;P3F03;P3F03;P3F03;P3F03;P3F03;P3F03;P3F03;P1G11;P1G11;P3D05;P3D05;P3D05;P3D05;P3D05;P3D05;P3D05;P3D05;P3D05;P3D05;P3D05;P3D05;P3D05;P3D05;P3D05;P3D05;P3G09;P3G09;P1C09;P1C09;P1C09;P3C11;P3C11;P3C11;P3C11;P3C11;P3C11;P3C11;P3C11;P2D08;P2D08;P2D08;P2D08;P2G04;P2G04;P2G04;P2G04;P2G04;P2G04;P3G10;P3G10;P3G10;P3G10;P3G10;P3G10;P3G10;P3G10;P3G10;P1G08;P1G08;P2C05;P2C05;P2C05;P2C05;P2C05;P2C05;P2C05;P2C05;P2D11;P2D11;P2D11;P1C07;P1C07;P1C07;P1C07;P1C07;P1C07;P1C07;P2D06;P2D06;P2D06;P2D06;P2D06;P2D06;P2D06;P2D06;P2D06;P3F09;P3F09;P3F09;P1F11;P1F11;P1F11;P1F11;P1F11;P3B11;P2E08;P2E08;P2E08;P2E08;P2E08;P2B08;P2B08;P2B08;P2B08;P1E09;P1E09;P1F05;P1F05;P1F05;P1F05;P1F05;P1F05;P3E11;P3E11;P3E11;P3E11;P3E11;P3E11;P3E11;P2F07;P2F07;P3E02;P3E02;P3E02;P3E02;P3E02;P3E02;P3E02;P3E02;P3E02;P2C06;P2C06;P2C06;P2C06;P2C06;P2C06;P2C06;P2C06;P2C06;P2C06;P2C06;P2C11;P2C11;P2C11;P2C11;P2C11;P2C11;P1D03;P1D03;P1D03;P1D03;P1D03;P1D03;P1D03;P2C02;P2C02;P2C02;P2C02;P2C02;P2C02;P2C02;P2C02;P2C02;P2C02;P2C02;P2C02;P2C02;P2C02;P2C02;P2C02;P2C02;P2C02;P2C02;P2C02;P2G09;P2G09;P1C04;P1C04;P1C04;P1C04;P1C04;P1C04;P1C04;P1C04;P1C04;P1C04;P1C04;P1C04
11	ARC1	P2F11;P1F08
12	PIB2	P2F11;P1C02;P1B04;P1C09
13	PDC6	P2F11;P1E09
14	PRE9	P2F11
15	XKS1	P2F11;P3D05
16	RTA1	P2F11
17	GPI1	P2F11;P2G10;P2C06
18	ERV29	P2F11;P3G06;P3G11;P3C10;P1G10;P3D03;P1G04;P3F05;P3D02;P3E08;P3B08;P3E11;P3E02
19	AAP1	P2F11;P1C04
20	LRP1	P2F11;P2D06
21	STE12	P2F11;P3G11;P2G05;P3C03;P3C04;P3B08;P2G04;P2C05
22	DNA2	P2F11;P3D09;P2D03;P3C03;P1G04;P3F05;P3D11;P1D09;P2B05;P3F03;P3F03;P1G11;P3C11;P3B11;P1F05;P3E02;P2C02
23	MTG2	P2F11
24	SWE1	P2F11;P2G11;P1G08
25	CYR1	P2F11;P2F02;P2C10;P1B11;P2G10;P3C11
26	JEN1	P2F11
27	RGT1	P2F11;P2F02;P3G02;P3C03;P2F09
28	HSP104	P2F11;P2B09;P1C05;P2C10;P3G05;P3G06;P1F10;P3F11;P1B02;P3C07;P3C10;P1C08;P3C03;P1G10;P1G10;P3D10;P2B07;P1E11;P3D11;P3D11;P3E08;P2B11;P1B04;P1B04;P1F08;P1H11;P1B07;P2E06;P3F03;P3D05;P3C11;P2G04;P3G10;P1G08;P1C07;P3F09;P3B11;P2F07;P2C06;P2C02;P2C02;P2G09;P1C04
29	SWI6	P2F11;P1C02;P2B10
30	DIC1	P2F11;P2C02
31	SMC6	P2F11;P1B02
32	FMP27	P2F11;P1B02;P2B10;P1G05;P3C05;P2G04;P2G04;P2C05;P2F07
33	ARG81	P2F11;P2G08;P3G06;P2B04;P2B04;P3C10;P3G10;P3F09;P3E02;P1C04
34	DUS1	P2F11
35	USA1	P2F11;P2F11;P3C05;P2C05;P1F11;P3E02
36	NSE5	P2F11;P1C11
37	SDD2	P2F11;P3G06
38	MME1	P2F11;P3F03
39	GAD1	P2F11;P1C04
40	ADE4	P2F11;P3D09;P1C06;P3G02;P1G09;P1F07;P3C03;P1G10;P1G04;P1E11;P3F05;P3D11;P1F08;P1B07;P1G11;P3C11;P2D08;P1G08;P2D11;P1C07;P1F11;P2E08;P1E09;P1E09;P1E09;P1F05;P3E11;P1D03
41	NMA111	P2F11;P2C04;P2B07;P2D11
42	DMA2	P2F11;P1G04;P1E04
43	APJ1	P2F11
44	BIO3	P2F11;P3D02
45	RTC1	P2F11;P3G06;P1E11;P1H11;P2C06
46	MCH4	P2F11
47	AUS1	P2F11;P3E08;P1B04;P3F07;P3G09
48	ERP4	P2F11
49	DFG16	P2F11
50	LEO1	P2F11;P2C10
51	SER1	P2F11
52	THP3	P2F11
53	CDS_I_218557_219153	P2B09;P2B09;P2B07
54	CHS2	P2B09;P3G06;P1F07;P3D11
55	RFC5	P2B09;P2D03
56	DTR1	P2B09;P2B04;P3E11;P1C04
57	GLT1	P2B09;P3C10;P3C05;P2G10;P2B11;P2B05;P1D03
58	MSH5	P2B09;P1G05
59	MCH1	P2B09;P2C10;P2C10
60	VPS54	P2B09;P2F02;P2D06;P1F05
61	RKM2	P2B09;P2B05
62	SNX41	P2B09;P3B11
63	FPR2	P2B09
64	CDS_IX_205638_206488;CDS_IX_205638_206487	P2B09;P2G08;P2G08;P2G08
65	SEC6	P2B09;P3G06
66	TIM44	P2B09
67	HXT13	P2B09;P1C02;P3C11;P2G04
68	URA3	P2B09;P3B10
69	SCC4	P2B09
70	SPT15	P2B09;P2F02;P1C11
71	OXA1	P2B09;P2E08
72	YGL164C;YGL164C	P2B09
73	CDC20	P2B09;P2G04;P2C06
74	PUS2	P2B09;P1E04;P1E04
75	FHN1	P2B09
76	CWC22	P2B09;P1C02;P2C06
77	ERP5	P2B09;P2G04
78	RPA34	P2B09;P3D11
79	ARG2	P2B09;P3D09;P3G05;P3C03
80	GYP6	P2B09;P2C04
81	SYS1	P2B09
82	RAV1	P2B09;P2D08;P2E08
83	LIH1	P2B09
84	MET5	P2B09
85	SRP40	P2B09;P2E11
86	COF1	P2B09
87	KIN2	P2B09;P1C06;P3G11;P3C10;P3C04;P3C05;P1B04;P2E06;P2C05;P2C02
88	CCW12	P2B09;P1G09;P3B07;P3B10;P3B10;P1F07;P2B04;P3C03;P3D10;P2B07;P3E08;P1F08;P1B07;P3G09;P3G09;P3G09;P3G09;P3G10;P3F09;P2B08;P1F05;P2C02;P2G09;P2G09
89	ACE2	P2B09;P1C02;P1G09;P3B10;P1F10;P1F07;P3C07;P1G05;P1H11;P1C09;P1G08;P3F09;P1F11;P1E09;P1F05;P1D03
90	MDM1	P2B09;P2C04;P3F05;P3D02;P2F09;P2E11;P1F05
91	ILV2	P2B09;P2C04;P2C04;P1B11;P2B10;P2G04
92	FKS3	P2B09;P1G09;P2B04;P3C03;P1G04;P2B05
93	PDR16	P2B09;P2B09
94	IRA2	P2B09;P3G06;P1G09;P3F11;P3C10;P1G10;P3C04;P3D03;P1E11;P3D11;P3E08;P2F09;P3B08;P2E06;P2E06;P2G04;P2G04;P1G08;P2C06;P2C02
95	DNL4	P2B09;P3D09;P2B04;P2B05;P2B05;P2G04
96	OAZ1	P2B09;P2F09
97	FUN30	P2F02;P1B03
98	SRO77	P2F02;P2F02;P3G06;P2B05;P3F03;P1D03
99	BRN1	P2F02
100	NUP170	P2F02;P3G02;P1B02;P2F09;P1B04;P1C07
101	PET9	P2F02;P1B04;P1F05
102	IPP1	P2F02;P3F11;P3D05
103	TAT1	P2F02;P3B07;P2C05;P1C07
104	PHO3	P2F02;P3C07;P2C02
105	HSL7	P2F02;P2B04
106	MEC1	P2F02;P1C02;P3G06;P3D11;P1B03;P3B08;P3D05;P3G10;P2C05;P2G09
107	ISW1	P2F02;P2E06;P3G09
108	PAF1	P2F02;P2D08;P1F05
109	APM3	P2F02;P2G05;P1F05;P2C02
110	SED4	P2F02;P1B07;P3E11
111	RSA4	P2F02;P2E11
112	PTC6	P2F02;P2C04;P3C07;P2B11;P2D11;P2C11;P2G09
113	CLB3	P2F02;P3G05
114	ATG9	P2F02
115	RPO21	P2F02;P2G08;P1C06;P3B07;P1G04;P1B03;P3B08;P1C07;P1C07;P3E11;P3E02
116	VCX1	P2F02;P3D11
117	TRM3	P2F02;P2C04;P3F05;P2C06
118	PMT1	P2F02;P1G05;P3F09
119	SYO1	P2F02;P1B02;P1D09
120	MCD1	P2F02
121	KRS1	P2F02;P2C04;P2G05;P2E06;P2D06
122	RAD55	P2F02;P2C04
123	ARP10	P2F02;P2D03;P2F09
124	DPB4	P2F02
125	HPR1	P2F02
126	TCP1	P2F02;P3G02
127	EXG2	P2F02;P3C10
128	SSD1	P2F02;P1C08;P2E06;P1C04
129	SWR1	P2F02;P1C06;P2G05;P2C05;P2E08;P2C06;P2C11
130	SBE2	P2F02;P3G02;P1E11;P3F07;P3F09
131	TRR1	P2F02;P1C05;P2B04;P1B02;P3C03;P3F05;P1B04;P1B03;P1E04;P2C05;P1F05;P2C06;P1D03;P2C02;P1C04
132	ADE8	P2F02;P1D09;P1G11;P2C05;P1C04
133	RRP17	P2F02
134	PPN1	P2F02;P2C10;P2C06
135	PEX29	P2F02;P2B08
136	LPP1	P2F02
137	REV7	P2F02
138	KGD1	P2F02;P2C04;P3E11;P2G09
139	NUP159	P2F02;P1C02;P1C02;P1B02;P1G05;P1C04
140	THS1	P2F02;P2E11
141	PAU2	P2F02;P1C06
142	SAP1	P2F02;P2F02
143	ARG5,6	P2F02;P2D03;P3D05
144	AIM10	P2F02;P2C04
145	AVT6	P2F02
146	PAB1	P2F02;P3E02
147	BCK2	P2F02;P3G02;P2D03;P3G06;P1H11
148	RAD3	P2F02;P2C10;P2C04;P3C03;P2F07
149	TMT1	P2F02
150	PDA1	P2F02;P2B04;P2G11;P2B05;P2D06;P2D06;P1F05
151	ACT1	P2F02;P1G04
152	YPT1	P2F02
153	HFM1	P2F02;P1B02;P1B02;P1B02;P3F05
154	TAD1	P2F02;P2B04;P1C07
155	KAP114	P2F02;P1F10;P3E11;P1D03
156	NIF3	P2F02
157	EMP24	P2F02;P2B04;P1B02
158	AMS1	P2F02;P3B07;P3B10;P2B04;P3F03
159	ASK10	P2F02;P2F09
160	PEX4	P2F02
161	ADE3	P2F02;P1C06;P1C02;P3G06;P2B04;P2G11;P1G05;P3C05;P1B04;P2E11;P1H11;P2G04;P2G09
162	CCH1	P2F02;P2D03;P1B04;P2D06
163	KEL2	P2F02
164	SLH1	P2F02;P3D09;P1C06;P2D03;P3B10;P3D10;P1G05;P3F03;P3D05;P2C05;P1D03;P2C02
165	IMA1	P2F02;P2G04
166	MAL13	P2F02
167	ERG7	P2F02
168	NMD2	P2F02;P3D09;P3B07;P1C08;P3B08;P3E02
169	GEP4	P2F02
170	UTP9	P2F02;P2B04
171	INO1	P2F02;P1C05;P1G04;P2C02
172	ALB1	P2F02
173	CHS6	P2F02
174	IKS1	P2F02
175	NUP192	P2F02;P2C10;P3D05;P2G04;P2G04;P2G04
176	CCT8	P2F02
177	RBH2	P2F02;P1G04
178	OSM1	P2F02;P3C04
179	SGM1	P2F02
180	EMC3	P2F02
181	MNN4	P2F02;P3G05;P3G02;P2D06;P2C06;P2C06;P2C06
182	ASH1	P2F02;P1E04;P2D06
183	KKQ8	P2F02;P3G02;P3C05;P3F09
184	MSN4	P2F02
185	DYN1	P2F02;P1B02;P1G05;P3C05;P2E06;P2D08;P2C06;P1D03
186	PTR2	P2F02;P1C05;P1C02;P2G05;P1B03;P1G11;P1C07
187	MLP1	P2F02;P3F11;P1B02;P3D03;P1B04;P3F03;P1C09;P2G04;P2D06;P1F05;P2G09
188	ESL2	P2F02;P2F02;P1C02;P2D03;P2B04;P2G05;P2G05;P1C08;P3C04;P3D03;P1G05;P1B04;P2D06;P2C02
189	MMP1	P2F02;P3F05;P2G09
190	IRC19	P2F02;P3E02
191	LAM6	P2F02;P3F11;P3D05;P1D03
192	REA1	P2F02;P1C05;P2D03;P3B07;P3C03;P3C04;P1G04;P1B04;P1B04;P1E04;P1E04;P2B05;P2B05;P2E06;P2G04;P2C05;P1F05;P2C06;P1D03;P1D03
193	NHA1	P2F02;P1C06;P3C03
194	ACF2	P2F02;P1C02;P3C05
195	UPS2	P2F02
196	IFH1	P2F02;P1C05;P3C07
197	CSC1	P2F02;P3D10;P1E11;P3G10;P3F09
198	HAP1	P2F02;P2B04;P3F05;P3B08;P3D05
199	ATG23	P2F02;P3C03
200	PRE8	P2F02
201	POB3	P2F02;P3G05;P3F05;P2D06
202	YAP1	P2F02;P3D09;P2G05;P3F09;P3B11;P1C04
203	EIS1	P2F02;P2C04;P3F05;P1G11;P2F07
204	IOC4	P2F02;P3C11;P2G04
205	POM152	P2F02;P1E09
206	HSC82	P2F02
207	HFA1	P2F02;P2B07;P3E11;P2C02
208	ESC1	P2F02;P3G05;P2C04;P2B04;P3C03;P3D10;P2D06
209	RRP5	P2F02;P2F02;P1C06;P1G09;P2B04;P2G11;P3C11;P1C07;P2C06
210	RIT1	P2F02;P2B07;P2B11;P2B11
211	HAS1	P2F02;P3F05
212	MDJ2	P2F02
213	CAF40	P2F02
214	SLA2	P2F02;P2G10;P2E11;P2D06;P1F11;P3E02;P3E02
215	ATG2	P2F02;P3C07;P2B11;P3F03;P3D05;P3D05;P3F09;P1D03;P2C02
216	KEX2	P2F02;P3B07;P3C07;P3C07
217	SQS1	P2F02;P1C06;P1C06;P3C05;P2C05
218	CYB5	P2F02;P3E11
219	LEU4	P2F02;P1C05;P3C05
220	NOP2	P2F02;P2F02;P2F02;P2B08;P2C06
221	POR1	P2F02
222	DOM34	P2F02;P1G05;P1B04
223	BRE5	P2F02;P3C04
224	ALR1	P2F02;P2G05;P1C07
225	SKM1	P2F02
226	YPQ1	P2F02;P2G10
227	DUF1	P2F02
228	AVO1	P2F02;P3G05;P1G05
229	HIR2	P2F02;P3D09;P2G04;P2C06
230	CUE5	P2F02;P1B02
231	RAT1	P2F02
232	YNG1	P2F02;P3G11;P3E02
233	GYP1	P2F02;P2B04;P2G05;P1F08
234	NUP1	P2F02;P3E02;P2C06;P2C02
235	KTR1	P2F02
236	RAS1	P2F02;P2C02
237	INP53	P2F02;P3C03;P3C03;P1G10;P1B03;P2G09
238	RPB2	P2F02;P2D08;P2D06;P3E11
239	PNS1	P2F02;P3B08
240	MSB1	P2F02;P2G08;P3D10;P2G04;P2C05
241	MRM1	P2F02;P1F11
242	MOD5	P2F02;P3F07
243	MYO2	P2F02;P3G02;P3B10;P2B04;P1C09
244	RPA190	P2F02;P1C02;P3G06;P1C04
245	PRE10	P2F02;P1G04
246	GPB1	P2F02;P2F02;P1F10;P3C04;P3C05;P1C09;P2C05;P2C05;P2C06;P1C04
247	GYP5	P2F02;P3G05;P1C02;P2C04
248	RPL21B	P2F02
249	GCR1	P2F02
250	PMA2	P2F02;P2C04;P1G09;P1G10;P1C04
251	SRL4	P2F02;P1C06;P1F11
252	HAA1	P2F02;P2G10
253	ATH1	P2F02;P3C03;P3E08
254	VMA13	P2F02;P2F02;P1G04
255	MRI1	P2F02
256	GPB2	P1C05;P1E11;P3D02;P3C05;P1B04;P3F07;P1H11;P3E11;P2C06
257	AIM2	P1C05;P2E06
258	CDC24	P1C05;P3G05;P2G10
259	NTG1	P1C05;P2C10
260	FLO1	P1C05;P3D09;P3C10;P2G11;P2G11;P3D02;P2E11
261	ILS1	P1C05;P3G05;P3C04;P2C11;P2C11
262	RPS8A	P1C05
263	UTP20	P1C05;P2C05;P1C07;P1F05
264	CYC8	P1C05;P3D09;P3G11;P3F07
265	YBR112C;YBR112C	P1C05
266	ATG42	P1C05
267	TBS1	P1C05;P1C05;P2D03;P1G09;P2G05;P3D03;P1G04;P2E11;P2G04;P2C06;P2C02
268	SWC5	P1C05;P2C04;P2B11
269	HEM3	P1C05;P3F09
270	MGT1	P1C05
271	BDF2	P1C05
272	GPM2	P1C05;P2G08;P2C06
273	STE5	P1C05;P1C11;P1B11;P3C10;P1G04;P3D11;P2B11;P1G11;P3E11;P2C11
274	YAP6	P1C05;P1F07
275	MSN5	P1C05;P2D03;P2D11
276	SIZ1	P1C05;P3G05;P2G05;P3C03;P2G11;P3F05;P2B05;P1D03
277	SAM2	P1C05;P3D02;P1B04;P2C02
278	BMH1	P1C05
279	EPL1	P1C05;P3D09;P3G02
280	ROG3	P1C05
281	ADE6	P1C05;P3G05;P2D03;P2C04;P1G09;P3G11;P1F10;P2B04;P1B02;P2G05;P3C03;P3C04;P3D11;P3D11;P3C05;P2B11;P1B04;P1B04;P1B03;P2B05;P2E11;P1H11;P1B07;P1G11;P3C11;P2G04;P1C07;P2D06;P2D06;P3F09;P3B11;P2C06;P2C02
282	COX18	P1C05
283	CHO2	P1C05;P2C04;P1G04
284	GTR2	P1C05;P2C06
285	HIP1	P1C05;P1C06;P1G04;P1E04;P1E04;P1D03;P1C04
286	YTA7	P1C05;P3C04;P3D03;P2F09;P2G04;P3B11;P1E09
287	YOR1	P1C05;P3D09;P1C02
288	VMA10	P1C05
289	TRA1	P1C05;P2D03;P2C04;P1F07;P3C10;P3C05;P3C11;P2C05;P1F11;P1D03
290	MTC6	P1C05;P1B02;P3E08
291	LAM1	P1C05;P3D11;P3C11;P2G04
292	SRS2	P1C05;P3D09;P2D03;P3G06;P3F11;P3F11;P3C07;P3C10;P3D03;P3D10;P3F05;P3D02;P3C05;P3C05;P3E08;P1B03;P3F03;P3D05;P3G09;P3C11;P2G04;P2D06;P3F09;P3E11;P3E02;P2C06;P1C04
293	TPH3	P1C05;P3D03
294	NNK1	P1C05;P3E08;P1E04;P2B05;P3E02
295	CSE4	P1C05;P3G11
296	MAE1	P1C05;P1B11;P1B02;P1G04;P1G05;P1G05;P1B04;P1B03;P1F05;P1D03;P1C04
297	SET3	P1C05;P3F09
298	SPA2	P1C05;P3B07;P1D09;P3C05;P3C05
299	PUF3	P1C05;P3G02;P2G11;P2E06;P1F11
300	SHM2	P1C05;P2D03;P1G10;P2C11
301	BMT6	P1C05;P2G05;P2E11
302	SKG3	P1C05;P1C02;P2C02
303	COA4	P1C05;P1C05;P2B04;P1E11
304	UTP13	P1C05;P1G04;P1F05
305	ATG39	P1C05;P3F05;P1C04
306	AFG2	P1C05;P3G11;P3D10
307	VIP1	P1C05;P3D03;P3C05;P1F08;P1E04;P2E06;P1C07;P3B11;P3E02;P1C04
308	PIF1	P1C05;P1C04
309	TRS130	P1C05;P1C05;P2D03;P2D03;P2C04;P1G04;P1F08;P3D05;P2G04
310	MRE11	P1C05;P2B04;P2C05;P2E08
311	TRF5	P1C05
312	SRV2	P1C05
313	MLS1	P1C05
314	HRT1	P1C05
315	RSB1	P1C05;P1G05
316	YOR212W;YOR212W	P1C05
317	HNT3	P1C05;P2G09
318	MUM3	P1C05;P3F03;P3E02
319	IQG1	P1C05;P2B04;P2G05;P1G05;P3C05;P2E06;P2E06;P2E06;P3G10
320	EAF3	P1C05
321	NVJ2	P1C05;P2D03
322	CTF4	P1C05;P3D09;P3F03
323	SEF1	P2G08;P3B10;P1B11;P3F03;P1E09
324	MNN2	P2G08;P3D09;P3F07
325	IST2	P2G08;P2G05;P3D02;P1E04
326	ILV6	P2G08;P1F05
327	TUP1	P2G08;P2C10;P2D03;P2B04;P2G05
328	PUS9	P2G08;P3C07;P2G11
329	KCS1	P2G08
330	MRH1	P2G08
331	SEC7	P2G08;P3G02;P1B02;P1G04;P2C05;P3E11
332	SCC2	P2G08;P3F05;P1G05;P2C11;P1D03;P1C04;P1C04
333	YPR1	P2G08;P3D09
334	ESL1	P2G08;P1C06;P3G06;P3C07;P3D10;P1C07;P3E11;P1C04
335	RNR3	P2G08;P1E04
336	FLO11	P2G08;P3D09;P3G02;P3B10;P3C07;P3C03;P1G10;P2G04;P3E02
337	MAK10	P2G08;P3E02
338	AFG1	P2G08
339	PAC2	P2G08
340	DOT6	P2G08;P1G09;P2G11;P1D09
341	NUP157	P2G08;P2C10;P3G02;P3G11;P3G11;P3C05;P1F08;P3D05
342	LCP5	P2G08;P1C02
343	TOG1	P2G08;P3B10;P1C07
344	BLM10	P2G08;P3C05
345	RTG2	P2G08;P2D06
346	ADE5,7	P2G08;P2C10;P1C11;P1C11;P3G02;P1C02;P1C02;P3G06;P1F07;P1B11;P3F11;P1B02;P3C07;P2G05;P3C10;P3D03;P3D10;P2B07;P3F05;P3D02;P2G10;P3E08;P2F09;P1E04;P1E04;P3F07;P2E06;P3F03;P3G09;P3G10;P2D11;P2C11
347	NCS6	P2G08;P1E04
348	MCM6	P2G08;P3G06;P1G05;P3D11
349	ALK1	P2G08
350	CLD1	P2G08
351	YAP1802	P2G08;P3G10;P2D06
352	YHK8	P2G08;P2F09
353	FLO5	P2G08;P1E04;P1E04;P1E04;P1E04
354	MNN14	P2G08;P1C06;P1C02;P1C02;P3G11;P3C04;P3C04;P1G04;P3D10
355	YPT52	P2G08
356	YLR110C;YLR110C;YLR110C	P2G08;P2C10;P1G10
357	YCS4	P2G08;P3F05
358	SWC7	P2G08;P3F03
359	NAB6	P2G08;P2B04;P3C03;P3F07;P2D11;P2D06
360	TAF8	P2G08;P3C10;P2B05;P2E06
361	NUP188	P2G08;P3C04;P3F05;P2E06;P2D08;P2D11;P3F09;P2C11
362	HMG1	P2G08;P1B11;P3F05;P3B11
363	SPT5	P2G08;P3C04;P2E06;P2D08;P3F09
364	MYO5	P2G08;P3D09;P2C04;P1B07;P2G04;P1C07
365	YKU70	P2G08;P2B10;P3D05
366	RAD50	P2G08;P3C05;P1E04;P1G08
367	TOP2	P2G08;P2D03;P3E08;P2B05;P1G08
368	SFB2	P2G08;P3C03;P3F05
369	HRD1	P2G08
370	CRC1	P2G08
371	ADE2	P2G08;P3C05;P2F07
372	MCT1	P2G08;P1C08;P1G04
373	GDE1	P2G08;P2G08;P2C10;P2D03;P2C04;P1F07;P3C03;P2B07;P2D08;P1C07;P2C11
374	BRO1	P2G08;P3E11
375	SUR1	P2G08;P3D09;P1C11;P1E04;P1E04;P3D05;P1C07;P3F09;P3E11
376	IRC15	P2G08;P1F08
377	ALK2	P2C10
378	PFF1	P2C10;P1F08
379	MRPS9	P2C10
380	PDB1	P2C10;P1E04
381	EMC1	P2C10;P3D05;P1F05;P2C02;P2C02
382	FIG2	P2C10;P2B04;P2B04;P3G10;P3E02
383	GYP7	P2C10;P2B04;P3C03;P2B05;P3B11;P2G09
384	BPL1	P2C10;P2C02
385	YET3	P2C10
386	NEO1	P2C10
387	PDR11	P2C10;P1G05;P2B05
388	PCM1	P2C10;P2D03
389	GIP2	P2C10;P3G05;P1G10
390	BOI2	P2C10;P1C02;P2G11;P1B04
391	COG3	P2C10;P2B10;P2C02
392	CTT1	P2C10;P1G11
393	RTS3	P2C10;P1C02;P2B04
394	CDS_VII_818060_822022	P2C10
395	THR1	P2C10
396	KSP1	P2C10;P3D09;P3D09;P3G05;P3G05;P3G06;P3D03;P3D02;P1B03;P1C07
397	NDT80	P2C10
398	TDH1	P2C10;P2F09
399	KCH1	P2C10
400	AIM25	P2C10
401	ADD66	P2C10
402	FAS1	P2C10;P1C02;P2D03;P3G06;P2C04;P2B04;P1G10;P3F05;P3D11;P1B04;P2E11;P3F03;P2C05;P2D06;P2E08;P2F07;P2C06;P1D03;P2C02;P1C04
403	APL2	P2C10
404	SMC4	P2C10;P1B02;P1G10;P2C02
405	SLS1	P2C10;P1D09;P2F09
406	CLB4	P2C10;P3E02
407	IKI3	P2C10;P1H11;P2C02
408	LEU3	P2C10;P1C06;P1C02;P2D03;P3G06;P1F07;P2B04;P1B02;P2B07;P3D02;P1B03;P1F08;P3F07;P3F03;P1C09;P1E09;P2C02
409	ZDS2	P2C10;P3F11;P2D06
410	FAR8	P2C10;P2C04;P3C07
411	FET3	P2C10;P3G02;P2D06
412	RKR1	P2C10;P1C06;P3G02;P1B02;P3C10;P1G05;P2B11;P2B11;P3F07;P3D05
413	YTP1	P2C10
414	MSH2	P2C10;P3G02;P2C05
415	CMR2	P2C10;P3C03;P1B04;P2E06
416	BFR1	P2C10;P1G09;P1H11
417	RET1	P2C10;P1F07;P1D03
418	TRE2	P2C10;P2B04;P3C03
419	FDH1	P2C10;P1B02
420	FRK1	P2C10;P3B10
421	MUK1	P2C10;P2F09;P3E11;P2C02
422	VTC3	P2C10;P1C02;P3B10;P2B05;P2C02
423	CIP1	P2C10;P3D11
424	PUF2	P2C10
425	R0020C	P3D09;P3D09;P3G05;P3G05;P3G02;P3G06;P3G11;P3G11;P3B07;P3B07;P3B10;P3F11;P3C07;P3C07;P3D03;P3D10;P3D10;P3D11;P3E08;P3E08;P3B08;P3B08;P3G09;P3G09;P3C11;P3G10;P3G10;P1G08;P3F09;P3B11;P2B08;P3E02
426	DRS2	P3D09;P2D06;P1C04
427	FAT1	P3D09
428	ECM2	P3D09;P2B07
429	TYR1	P3D09;P3C07
430	VHC1	P3D09;P2E06;P2D06;P2C02
431	PEX19	P3D09;P2C05
432	TGL2	P3D09;P2C02
433	CDS_IV_981252_982568;CDS_IV_981252_982544	P3D09
434	TFB1	P3D09;P3B07;P1B04
435	TRP4	P3D09;P2B04;P1G05
436	PPZ2	P3D09
437	GNP1	P3D09;P2B07
438	PFK26	P3D09
439	EPS1	P3D09;P3E02
440	MSL1	P3D09
441	YEF1	P3D09;P2G05
442	YAT2	P3D09;P3G05;P3C05
443	DNF1	P3D09;P3E11
444	FET5	P3D09;P1G05;P3D02
445	BUD27	P3D09;P2C04;P1G04;P2B10
446	PTR3	P3D09;P3E02
447	MSB2	P3D09;P3C10;P1G04;P2G04;P3E11;P3E11
448	RSC1	P3D09;P1C02;P2B04;P1G10;P3D10;P3D10
449	ENV11	P3D09;P3F05;P1B07;P1C07
450	UPF3	P3D09;P1C06
451	MRPL9	P3D09
452	ARN2	P3D09;P3C04
453	PUT2	P3D09;P3F11
454	HXT5	P3D09;P3G02;P3C05;P3B08
455	PRP8	P3D09;P3D11;P1E04;P2E06;P3D05;P2G04;P3G10;P2D06
456	NMD3	P3D09
457	ACO2	P3D09;P2D03;P2B10;P3D02;P3F03;P2C06;P2C02
458	ESS1	P3D09;P2B04
459	TES1	P3D09
460	UTR1	P3D09;P3F11;P3G10;P3B11
461	CDC11	P3D09
462	JHD2	P3D09;P3G05;P3G10
463	VPS70	P3D09;P2E11;P2E08
464	CTK1	P3D09;P1C02;P2B04
465	MPE1	P3D09
466	SIR1	P3D09
467	NFT1	P3D09;P1C06;P3C03;P2D11;P2G09
468	GAA1	P3D09;P1B02;P2C05
469	IOC2	P3D09;P2B10;P2E06;P2C06
470	REX3	P3D09;P3G02;P2E06
471	YPS1	P3D09
472	YPS3	P3D09;P3C07;P2G05
473	RED1	P3D09
474	RPL26A	P3D09
475	TUB1	P3D09;P3C03;P3D05
476	OGG1	P3D09
477	ERG5	P3D09
478	HFD1	P3D09;P1C04
479	ADE17	P3D09;P1D03
480	CIK1	P3D09;P2G05;P3F05
481	EFR3	P3D09;P1C02;P1B02
482	ZRC1	P3D09
483	MGS1	P3D09;P3C04;P3F03
484	ACC1	P3D09;P2C04;P3C04;P3D02;P3E02
485	PUL3	P3D09
486	TRM11	P3D09;P2B05
487	TSR4	P3D09;P3C04
488	IRC10	P3D09
489	RIO1	P3D09;P1C06;P1C04
490	SNF2	P3D09;P2C04;P2B05;P2B05;P1H11;P3D05
491	PMT3	P3D09;P3F05;P2B05
492	MNE1	P3D09;P1E04
493	NDD1	P3D09;P3D02;P1G08;P2C06
494	VIK1	P3D09;P1B07
495	RTT10	P3D09;P2B04;P1E04
496	PEP4	P3D09;P3E08;P2D11
497	RDS2	P3D09;P1F07
498	RGL1	P3D09
499	SSN3	P3D09;P1C04
500	KRE6	P3D09;P3D05;P3F09;P3E02
501	ORC4	P3D09;P2G04;P1G08
502	CLN3	P3G05;P3E08
503	BUD14	P3G05;P1B03
504	AAR2	P3G05;P2C11
505	TOD6	P3G05;P3D03;P2D08;P3E02
506	CHS3	P3G05;P2C02
507	RIF1	P3G05;P3C04;P3C04;P2B07;P3E08
508	APE3	P3G05;P3E02
509	LEU2	P3G05;P3D05
510	RRT12	P3G05;P1G04;P2D06
511	RDS1	P3G05;P2B04;P2B04;P2B04;P3C04
512	RAM1	P3G05
513	SIR2	P3G05;P3F05;P2B05
514	MRX9	P3G05
515	DNF2	P3G05;P2B07;P2B11;P3F07
516	CDS_IX_29031_29414	P3G05
517	FLX1	P3G05
518	ASG1	P3G05;P1B11
519	SEC24	P3G05;P2F09;P2G04
520	YVH1	P3G05
521	PXP1	P3G05
522	SHO1	P3G05
523	SPT2	P3G05;P1C06;P2D03;P3G11;P3C04;P2B10;P2B08;P3E11;P1C04
524	BRR2	P3G05;P2D03;P2D03;P2C04;P3F05;P1D09;P1B04;P2C02
525	COS4	P3G05;P2E06
526	CSE1	P3G05;P1B02;P2D06
527	GCN1	P3G05;P2G05;P2G05;P1D09;P3E08;P1B03;P1E04;P2D08;P2D06;P1F05
528	CEG1	P3G05
529	AFT1	P3G05;P3C05;P2D06
530	PEX8	P3G05;P3C03;P3E08;P2E08
531	SET5	P3G05
532	RPL17B	P3G05;P1G05;P3D05
533	YUR1	P3G05;P3G06;P3F07
534	TIF2	P3G05;P1D03
535	LCB3	P3G05;P3G02;P3G06;P3C03;P3C04;P3C04;P3D10;P3F05;P3D11;P3C05;P3C05;P2B05;P2E06;P3F03;P3C11;P3G10;P3B11;P3E11;P3E02;P2C06;P2C06
536	UBX6	P3G05;P1C11
537	IME1	P3G05
538	YJU3	P3G05
539	URB1	P3G05;P2C04;P3C10;P3D11;P1C04
540	RPC37	P3G05
541	YBT1	P3G05;P1C02;P2B04;P1D09;P2F09
542	FMP25	P3G05;P3D03;P2B07
543	THI7	P3G05;P3G06;P1B02;P3F03
544	CTF3	P3G05;P3F03
545	HMG2	P3G05;P3C05
546	COQ5	P3G05;P3F11
547	CLU1	P3G05
548	CDS_XIII_373093_377055	P3G05;P2G04
549	ISF1	P3G05;P1G05;P1G05;P2E06;P3F03
550	INP1	P3G05
551	TAF7	P3G05;P2C06
552	TRI1	P3G05
553	RSN1	P3G05;P1G04;P2B05
554	NIP1	P3G05;P3G05;P2D03;P3E08;P2D06
555	CHS1	P3G05;P2F09;P2C02
556	FKH2	P3G05;P2C04;P3G11;P2B04;P1B02;P2G05;P3C03;P2B05
557	LAP2	P3G05;P2E06;P1C04
558	PPG1	P3G05;P1F07
559	DBP5	P3G05;P3F11
560	YRM1	P3G05
561	FRE3	P3G05;P3D05;P2G04
562	MMT2	P3G05;P1C06;P1B07;P3D05
563	MRN1	P3G05;P2G05;P2E06;P2G04
564	RRD2	P3G05
565	TFB4	P3G05
566	KAR3	P3G05;P2D06
567	NCE102	P3G05;P1E04
568	CUR1	P3G05
569	STP22	P1C11;P3G11
570	VTC5	P1C11;P1B02;P1G04;P2G09
571	SUP35	P1C11;P1B11;P2B05;P2B05;P2D06
572	UPS3	P1C11;P1G04
573	RAD30	P1C11;P2G05;P2B08;P2F07
574	CYM1	P1C11;P1C02;P3G10;P1E09
575	CHC1	P1C11;P1C02;P3B07;P2F09;P2G04
576	ELP2	P1C11;P2G10;P2B11;P2C06
577	VPS13	P1C11;P1G09;P2B04;P3D03;P2B05;P3F03;P2C06
578	PET309	P1C11;P3D11;P2C02
579	DPH6	P1C11;P2G05;P1G10;P3F03
580	FRE1	P1C11;P2D03;P2B04
581	CDC73	P1C11;P1C08;P3D05;P3C11
582	IMD4	P1C11;P1F10
583	ZDS1	P1C11;P3B10
584	UBP15	P1C11;P1E04;P3G10;P2C05;P1D03
585	BNI1	P1C11;P1C02;P2D03;P1G09;P1B11;P3C04;P1E04;P2E06;P3G10;P2D06;P1F05
586	SUN4	P1C11;P3C03
587	COQ2	P1C11;P3C03
588	ITR2	P1C11
589	ASE1	P1C11;P1B02
590	MDM32	P1C11
591	HER1	P1C11;P3C03;P3C04;P3C11;P2F07;P2F07
592	APL4	P1C11;P3C05;P2C06
593	GCV3	P1C06
594	ETR1	P1C06;P2D06
595	EDS1	P1C06;P1B11;P2B04;P3D03
596	NRG2	P1C06;P2D06
597	TOS1	P1C06;P2B05
598	YBP1	P1C06;P1B11;P2C06
599	TDP1	P1C06;P1B02;P2C05
600	ARC40	P1C06;P3F11
601	BUD23	P1C06
602	CTR86	P1C06
603	SSB1	P1C06;P3E02
604	ASF2	P1C06;P2B10;P3D11
605	SNF3	P1C06;P3D05;P3D05;P3D05
606	DLD1	P1C06
607	RXT3	P1C06
608	CDC7	P1C06;P3G09
609	VMS1	P1C06
610	RPT3	P1C06;P2F09;P3E11
611	GPI17	P1C06;P2C05
612	UTP6	P1C06;P2C02
613	BNR1	P1C06;P2B04;P3D11;P3C05;P3B08;P3F03;P3G09;P3G10
614	HOS4	P1C06;P3C04;P2C05
615	SSM4	P1C06
616	DAL81	P1C06;P2D03;P1D09;P2F09;P2G04;P2D06
617	NRE1	P1C06
618	RAD51	P1C06
619	UBP3	P1C06;P2G05;P3C04;P1E04;P2D11
620	SPT16	P1C06;P3G06;P3F05;P2C02
621	MDS3	P1C06;P2D03;P2C04;P3B10;P2B11;P2G04;P2C05;P2D11;P2C11;P2C11;P2G09
622	MND1	P1C06
623	SLD3	P1C06;P3G11;P2B10
624	ALG2	P1C06
625	GEP7	P1C06
626	TEL2	P1C06;P1G04;P2B11
627	PBP1	P1C06;P3D03;P1C04
628	TFG1	P1C06
629	RIE1	P1C06;P2G05;P2G11;P2B10;P1D09;P3F03;P3D05;P2C05;P1C07
630	STE20	P1C06
631	RPF1	P1C06;P2D03;P3D02
632	SPL2	P1C06;P1B02
633	MRPL6	P1C06;P3C07
634	SPO16	P1C06
635	NCA3	P1C06;P1B02;P3D02
636	GWT1	P1C06
637	SCP160	P1C06;P1C06;P2D03;P3D02;P1H11;P3D05
638	PRY3	P1C06;P1C06;P2C05
639	KAR2	P1C06;P2C05
640	TMA22	P1C06;P3B07;P1G04
641	RFC2	P1C06
642	RSM26	P1C06;P3D02
643	IML1	P1C06;P2C04;P3C05;P2F09
644	ABF1	P1C06;P3G06
645	LAS1	P1C06;P2B04
646	SOF1	P1C06;P2B05
647	MLO50	P1C06;P1G04;P3D10;P1B04
648	IES3	P1C06
649	CHA4	P1C06;P2D03;P2D06
650	IRC20	P1C06;P3C05;P3E02
651	LUG1	P1C06
652	ROM2	P1C06;P2F09;P3F03;P3F09;P3E02
653	RRN11	P1C06;P3C07
654	FMS1	P1C06;P2G04;P2D06
655	EPO1	P1C06;P2D03;P3E02;P3E02
656	SCS7	P1C06
657	DSS1	P1C06;P2B04;P2B04;P1B04
658	DIA1	P1C06;P3E02
659	MSB3	P1C06;P3F11
660	MPA43	P1C06
661	PEX17	P1C06
662	TOM22	P1C06
663	PHO23	P1C06;P1G09;P1G09;P1B11;P3F03;P2C11;P1D03
664	CRZ1	P1C06;P1C02;P2G05;P3D10
665	ARE2	P1C06;P1C02;P2B04;P1B02;P3D03;P1G04;P1G05;P1B03;P1E04;P2C05;P2D06;P2C02;P1C04
666	HAL9	P1C06;P2B04;P1G05;P2C05
667	MET22	P1C06;P1G04
668	EFT1	P1C06;P3C10
669	ARP8	P1C06;P3C04;P2C06;P1C04
670	PDR5	P1C06;P2C04;P2C04;P1B11;P3C04;P1G05;P1G05;P1E04;P1H11;P3B11
671	NOC2	P1C06;P2D06
672	NOP58	P1C06;P2B11
673	DGK1	P1C06;P1E11;P1B04
674	CDS_XV_970164_971457	P1C06;P1E04
675	TYE7	P1C06;P2D06;P3F09
676	HSP82	P1C06;P3E02
677	FAS2	P1C06;P3G11;P3G11;P2B04;P2B05;P2D06
678	BMS1	P1C06;P1C08;P3E02
679	NAB3	P1C06;P3G06;P3C05
680	TCO89	P1C06;P1C06;P3D02;P2G04
681	NAN1	P1C06
682	MOT1	P1C06;P3B07;P2G05;P2C05;P1C04
683	MET31	P1C06;P1E04
684	CHL1	P1C06;P3C04;P3C05;P1D03;P1D03
685	OAF1	P3G02;P3F11;P1G05;P3D02;P1F08;P3F07;P2G09
686	SWH1	P3G02;P2B04;P1G10;P1G10;P1B04
687	FUI1	P3G02;P3G11;P3C05;P2E06
688	SCT1	P3G02;P3G10
689	LRE1	P3G02;P1C04
690	FUS1	P3G02
691	MRPL32	P3G02;P2C02
692	ADP1	P3G02;P2C04;P3G11;P3C04;P1E11;P3F05;P3D02;P3E08;P3B11;P1F05;P3E11
693	PMT5	P3G02
694	AHK1	P3G02;P3B07;P2B05;P2D08;P2C02
695	BAP3	P3G02;P3G06;P1E04
696	PDC2	P3G02;P3B07;P3B11;P2G09
697	FOB1	P3G02;P3D02
698	HOM2	P3G02;P3D02
699	CDS_IV_802984_804306	P3G02
700	HMO1	P3G02
701	SIR4	P3G02;P1G04;P2G10;P1H11
702	AMD2	P3G02;P1F10
703	MRX10	P3G02
704	DPL1	P3G02;P2F07
705	HDA2	P3G02;P2B08;P3E02
706	CAD1	P3G02;P2C04
707	PKH3	P3G02;P1D03
708	MET30	P3G02
709	ZRG8	P3G02;P2B04;P2G05;P3C04;P3C04;P3F05;P3D02;P2G10;P3F07;P2B05
710	HIS1	P3G02;P3G06;P2C04;P1B02;P2G05;P3D03;P1E11;P3C05;P2G10;P1B03;P2E06;P2G04;P2D11
711	ALD5	P3G02;P3C10;P3E08;P2G04
712	ZNF1	P3G02;P1F10
713	RPL2A	P3G02
714	STT3	P3G02;P1E09
715	PMC1	P3G02;P3G06;P3C05;P1D03
716	PTI1	P3G02;P2B07
717	BIO2	P3G02;P1C02
718	VMR1	P3G02;P3G06;P2B11;P1E04;P1E04;P2E06;P2F07;P2C06
719	DAP2	P3G02
720	NCP1	P3G02;P3D02;P2D11
721	YHR084W;YHR084W	P3G02;P1G09;P3F11;P3D03;P3F05;P3D05;P3C11
722	RPB4	P3G02
723	IME2	P3G02
724	BUD2	P3G02;P3G06
725	SFK1	P3G02;P1C07
726	MCO12	P3G02;P2B08
727	PRP16	P3G02;P2D03;P1C07
728	FRE6	P3G02;P3G02;P3C07
729	GSY2	P3G02;P3C04;P3D03;P3F05;P3F03;P3F03;P2G04
730	GCD7	P3G02;P2B11
731	TAD3	P3G02;P3E11
732	ADE13	P3G02;P1G09;P1G11
733	DCR2	P3G02;P3F11
734	SFP1	P3G02;P3D03;P3G09;P2D11
735	INA1	P3G02;P3E02
736	ERO1	P3G02;P3F03;P3E02
737	CTF18	P3G02;P3F11
738	CEP3	P3G02;P2C02
739	WHI3	P3G02;P1F07;P2B04;P3F11;P1C04
740	YGP1	P3G02;P3B07
741	DBP2	P3G02;P2C04;P2C05;P1C04
742	HDA1	P3G02;P2B11
743	MRP7	P3G02
744	ESC8	P3G02;P1C08
745	SIN3	P3G02;P3G02;P2D03;P3G06;P3C03;P3D10;P2B07;P3G09;P3G10;P3E02
746	DED1	P3G02;P1F10;P1B04
747	STE4	P3G02;P1B02;P3D03;P1B04;P1E04;P2D06;P3E02
748	TFB6	P3G02;P1B04
749	TYW1	P3G02;P3D10
750	HOS3	P3G02;P2F09
751	ATG11	P3G02;P1G05;P2C02
752	AOS1	P3G02
753	SEC23	P3G02;P3B07;P1H11
754	GDB1	P3G02;P1C02;P2G05;P1G10;P2C05;P2C02
755	SGE1	P3G02;P3D05
756	CCR4	P1C02;P1B04
757	ECM21	P1C02;P3D02;P3D05
758	SSA3	P1C02;P1B11;P2B04;P2G11;P3C04;P3D03;P2C05
759	UBP13	P1C02;P3F07;P2C11
760	YEL1	P1C02
761	APL3	P1C02;P3G06;P2B04;P3D03;P2C05
762	PEP1	P1C02;P2D03;P1E04;P2E06
763	HMT1	P1C02;P3G06;P3C03
764	FIG1	P1C02;P3C05;P3C05
765	ATG12	P1C02
766	BIK1	P1C02
767	DCC1	P1C02;P3G06
768	SNT1	P1C02;P2G11;P2B05;P3F03;P1G08;P3E11
769	GLE1	P1C02;P2G10;P1F11
770	GGC1	P1C02
771	VMA1	P1C02;P1C02;P1G05;P3B11
772	DLD2	P1C02;P2C05
773	MHF2	P1C02
774	STE7	P1C02;P2E06;P1F11;P3E11;P2C02
775	LDB17	P1C02;P2D03
776	ENA5	P1C02;P1C02;P1C02
777	ARX1	P1C02;P3F03;P2C05;P2G09
778	SWI5	P1C02;P2B04;P2G05;P2G04;P1G08
779	NUM1	P1C02;P2C04;P3C03;P3D03;P1G04;P2G10;P2G10;P1E04;P2B05
780	PIB1	P1C02;P1F07
781	UBX5	P1C02;P1G04
782	YPS7	P1C02
783	YDR353W;YDR353W	P1C02;P2E06
784	MRP20	P1C02;P3C07;P3G10;P2C05
785	TRS120	P1C02;P3C03;P2B10;P3C05;P2B05;P2D06;P2C02
786	DIG2	P1C02;P2B05
787	UBP7	P1C02;P2E08;P3E02;P2G09
788	NDC80	P1C02
789	AXL2	P1C02;P2B04;P1G10;P3D02
790	MET6	P1C02;P3B07;P3C03;P1B03;P2C06
791	GRX4	P1C02;P2C05
792	OSW7	P1C02;P1D03
793	RTF1	P1C02;P2B04;P3D11
794	MPT5	P1C02
795	XRN1	P1C02;P3C04;P3F05;P2E06
796	SUT1	P1C02
797	PEX14	P1C02
798	NAB2	P1C02;P1H11
799	HSF1	P1C02;P3B07;P2G05;P3D10;P1B03
800	KAP122	P1C02;P1B04;P2E11
801	TRX2	P1C02
802	CAB4	P1C02;P3F05
803	ARN1	P1C02;P1E04;P2B05;P1G08
804	SLT2	P1C02;P2C02
805	UBP12	P1C02;P3C05;P2F09;P1B07;P1B07;P1B07;P3E11;P1C04
806	MEF2	P1C02
807	SAP185	P1C02;P3E02
808	MHP1	P1C02;P3C03;P3C05;P1B04;P3E11;P2C02;P1C04
809	BUD4	P1C02;P2D03;P3C11;P1E09
810	YKT6	P1C02;P1C02;P2G05
811	PIR3	P1C02;P1G11;P2F07
812	CDC16	P1C02;P3D02;P2G10;P1B03
813	PUT3	P1C02;P3G11;P2B04;P2G04;P1C04
814	FRS1	P1C02;P2B04
815	FAR10	P1C02;P1E04;P2C02
816	ARC18	P1C02;P2B04
817	SKI2	P1C02;P2D06
818	DAT1	P1C02;P2D06
819	FPR3	P1C02;P1G08;P3E02
820	TEM1	P1C02;P3F11
821	HUG1	P1C02;P1G04
822	SRC1	P1C02;P2D03;P2B04;P3D02
823	PSP2	P1C02;P2F09;P1E04;P1E04;P1C07
824	PEX9	P1C02;P2C04;P3D10;P3G10;P1C07
825	MCM1	P1C02;P3F07;P2B08
826	SAM37	P1C02;P1B04
827	DYN3	P1C02;P3C03
828	KRI1	P1C02;P3B07;P3B11;P1D03
829	TOF1	P1C02;P2D06
830	POL2	P1C02;P3B10;P3C04;P2B11;P1F08;P2D06;P2G09
831	RTC4	P1C02
832	SWT21	P1C02
833	APC1	P1C02;P2C04;P2B04;P2B07;P1B04;P3C11;P3E11;P1C04
834	KRE33	P1C02;P2C04;P2E06
835	AVT4	P1C02;P2B05
836	LAT1	P1C02
837	MSB4	P1C02;P3C03;P3E02
838	SIA1	P1C02;P2D03;P2D03
839	GPN2	P1C02
840	ISW2	P1C02;P3C10;P1G04;P3D10;P1B03;P2C05
841	PBI1	P1C02;P3C05
842	ATG29	P1C02
843	SPO19	P1C02
844	SUV3	P1C02
845	SEC8	P1C02;P1F07;P2B10;P3C05;P1E04;P2E06;P2C05
846	ANT1	P1C02;P2C04;P3B10;P3F07;P1G08;P2C05
847	RPO26	P1C02;P2G04
848	CYC3	P2D03
849	NCL1	P2D03;P2G10;P3G10
850	ACH1	P2D03;P3B11
851	PDR3	P2D03;P1G09;P2F09
852	RAD16	P2D03;P3C03;P3E02
853	LYS2	P2D03;P3F11;P2G05;P1E11
854	COS111	P2D03;P3G06;P3C04;P1E04;P3D05;P2C05
855	MET8	P2D03
856	MCX1	P2D03;P3B11
857	MAL32	P2D03;P3D03;P3D02
858	ATG22	P2D03;P2D03
859	GFD2	P2D03
860	MAK32	P2D03;P2E08
861	BPH1	P2D03;P1G05;P2E06;P1D03;P2G09
862	TAF2	P2D03;P1G05;P3F03
863	AAD3	P2D03;P1B02;P1B03;P2C06
864	COS7	P2D03;P3C07;P3D03;P1E09
865	HBT1	P2D03;P1D03
866	RDI1	P2D03
867	SUB2	P2D03;P2B04;P2E11
868	YOS9	P2D03;P3G06;P2G05;P1G04;P2D06;P3B11
869	EBS1	P2D03;P3G11;P1C04
870	HTB1	P2D03
871	LYS4	P2D03
872	PEX10	P2D03;P3G06
873	RNH202	P2D03
874	PRO1	P2D03;P2B04;P3D03
875	ARH1	P2D03;P3E08
876	BNA7	P2D03;P1F05
877	SSN2	P2D03;P3F09;P1C04
878	SPS2	P2D03;P2E06;P1C04;P1C04
879	MLP2	P2D03;P3F05;P3D02;P1E04;P3G10;P2C05
880	DAL4	P2D03
881	GTT3	P2D03;P1B03
882	FCY2	P2D03
883	ICL1	P2D03;P2G05;P1B03
884	SSA4	P2D03;P3F11
885	TMN3	P2D03;P2B05;P2D06
886	IES1	P2D03;P1E09
887	SMC1	P2D03;P1C09
888	RSC8	P2D03;P3G06;P1B02;P2B11;P2E06
889	YPS5	P2D03;P2D03;P2B10;P2B10
890	VID30	P2D03;P2B04;P3F11;P2G04
891	ATG1	P2D03;P3B07;P3D11;P1D03
892	NUT1	P2D03;P2C04
893	CWC23	P2D03;P1F08
894	NUP145	P2D03;P2G10;P2B05;P2E06;P2E06
895	TWF1	P2D03;P1C04
896	RPL11B	P2D03
897	ECL1	P2D03
898	PSD2	P2D03
899	ZUO1	P2D03;P3F07;P2D11
900	OCA5	P2D03;P3B07;P3C05;P2B11;P3D05
901	GPA1	P2D03
902	DOG2	P2D03;P1B11;P2G05
903	CIC1	P2D03;P2G05;P2C05;P1F05
904	HXT4	P2D03;P2B04;P3D02
905	GPI16	P2D03;P1B02;P1G04
906	ERG9	P2D03
907	NUC1	P2D03
908	LAA1	P2D03;P2C04;P3C04;P2G04;P2D06;P3E11;P2C06;P2C02;P1C04
909	SWI3	P2D03;P3C03;P3C11;P2C05
910	MCO6	P2D03
911	KHA1	P2D03;P2G10;P2C05;P2C02
912	TAH11	P2D03;P3G10
913	BIR1	P2D03;P3C04
914	HIR3	P2D03;P3G11;P3C03;P1G05;P3D05;P1G08;P2F07
915	DAN4	P2D03;P2C04;P2G05;P3C03;P1B03
916	FRE2	P2D03;P1F07;P2G05
917	FAT3	P2D03;P3D02
918	NUP100	P2D03;P3E11
919	UTH1	P2D03;P3C07;P2G05;P1D09;P3C05;P1B03;P3F07;P1H11;P3F03;P2D08;P1F11;P3B11;P2F07;P1C04
920	BAS1	P2D03;P3B10
921	ISA1	P2D03
922	AAT2	P2D03;P3F11;P3E08
923	EMP70	P2D03;P1E11;P2E06;P2B08
924	CSF1	P2D03;P3C07;P3D11;P2C05;P2D06;P2E08;P2C02
925	CKI1	P2D03
926	SLX4	P2D03;P2C02
927	RRN5	P2D03;P1D09;P1B04
928	HRD3	P2D03;P2G11;P2G10;P2B11;P2B11;P2F09;P2B05;P2G04;P1F05;P2C02
929	YSH1	P2D03;P3F05;P1F08
930	GUF1	P2D03;P1D03
931	SGD1	P2D03;P1E04;P2D06;P2C06
932	KAP95	P2D03;P3G06
933	STE11	P2D03;P2D03;P3G06;P2C04;P2C04;P1B02;P2G05;P3C04;P3D02;P3C05;P2F09;P1E04;P2E11;P2G04;P1D03;P2C02
934	TUS1	P2D03;P2B04;P2B04;P1H11;P2F07;P2G09
935	NTE1	P2D03;P2C06
936	YMD8	P2D03;P2C11
937	MSS11	P2D03;P2C02
938	PAH1	P2D03;P2C05;P1C07
939	ALD3	P2D03;P2D03;P2D03;P2D03;P3G06;P1B02;P3F03;P3E02;P3E02;P3E02;P3E02
940	ALD2	P2D03;P2D03;P2D03;P2B05;P3D05;P2G09
941	DML1	P2D03
942	PRC1	P2D03;P3C10;P2G09
943	EMW1	P2D03;P3G11;P2D08
944	RIM21	P2D03;P3C11;P2D06
945	BSC4	P2D03
946	PDR17	P2D03
947	KAR1	P2D03;P3E08;P3G10;P1E09
948	AQR1	P2D03;P1G04;P1B03;P1F08
949	CDS_XIV_519665_520969	P2D03;P2B07
950	BSC5	P2D03;P3C03
951	BRX1	P2D03
952	RRP6	P2D03
953	SHE4	P2D03;P3D05
954	SGT1	P2D03;P2D08;P2C05
955	YVC1	P2D03
956	ULS1	P2D03;P1G09;P3F05;P2B05;P3G09
957	HES1	P2D03
958	TEA1	P2D03;P2C04;P2B11;P2C05
959	PLC1	P2D03;P3D10
960	RVB2	P2D03;P3G11;P2B05
961	TGS1	P2D03;P2G10;P2D11
962	KES1	P2D03
963	RPL33A	P2D03;P1G08
964	ELP3	P2D03;P3B08
965	SRO7	P2D03;P3D10;P3F03
966	MSF1	P2D03;P1B02
967	FHL1	P2D03;P2G05;P2B05
968	YPR148C;YPR148C	P2D03
969	HDA3	P2D03;P2G10;P1G08
970	SKI3	P2D03;P2C04;P2C04;P2G10;P2B05
971	CDS_II_29934_31226	P3G06;P3C03;P3D10;P1E04;P2B08
972	SKT5	P3G06;P1G05
973	FMP23	P3G06;P2B08
974	RPB5	P3G06
975	ALG7	P3G06
976	SPS22	P3G06;P3E02
977	HIS4	P3G06;P2B04;P3C04;P3D02;P2D11
978	OCA4	P3G06;P1B03
979	UFD2	P3G06;P2G04;P2C02
980	POL3	P3G06;P2G05;P2B08;P1E09;P3E02
981	RLI1	P3G06
982	APC4	P3G06;P1G04;P1G05
983	PEX7	P3G06;P2C04
984	PAL1	P3G06;P2B11
985	YPQ2	P3G06;P2G05;P3C03
986	ECM11	P3G06;P2G11
987	ADA2	P3G06
988	RMT2	P3G06
989	CWC21	P3G06;P2C06
990	SGA1	P3G06
991	CDS_IX_437043_437735	P3G06
992	YEA6	P3G06
993	BEM2	P3G06;P2B04;P1C08;P3E08;P1B07;P3C11;P2F07
994	AQY3	P3G06;P3C07;P3F05;P2E11;P2C05;P2C06
995	RIM15	P3G06;P2B04;P1C08;P3C04;P2B07
996	GAT1	P3G06;P1F07;P2G10;P1E04;P1G08;P2G09
997	SKI8	P3G06;P1F08;P3B08;P3B08
998	IME4	P3G06;P3C05;P1B03
999	TPN1	P3G06;P2D06
1000	OSH7	P3G06;P2E06
1001	SMF2	P3G06;P2D11
1002	RRP3	P3G06;P1F11;P2G09
1003	ARO9	P3G06;P2G11
1004	NVJ1	P3G06;P2E06
1005	OPT1	P3G06;P3F11;P2B10;P3E11
1006	HSP150	P3G06
1007	UTP10	P3G06;P3B07;P2G05;P1G04;P3E08
1008	NET1	P3G06;P1B04;P3F07
1009	PSF2	P3G06
1010	GPI14	P3G06
1011	MNS1	P3G06;P3F11;P1B07
1012	COS5	P3G06
1013	MCH2	P3G06;P2B05
1014	CBT1	P3G06
1015	TPO5	P3G06;P2G05;P1C07;P2E08
1016	RSC4	P3G06;P1F10
1017	IRS4	P3G06;P1F10;P3D05
1018	RPF2	P3G06
1019	YLR141W;YLR141W	P3G06
1020	PEX13	P3G06;P2G04
1021	HMX1	P3G06;P3C04
1022	CDC3	P3G06;P1D09
1023	RPP0	P3G06;P2B04;P1B03
1024	NGL3	P3G06;P3G06;P2C04
1025	UTP14	P3G06;P3D03;P2E11
1026	TCB3	P3G06;P3D10;P1B04;P1G08
1027	DAK1	P3G06;P1E04
1028	PDS5	P3G06;P3D05;P2D08
1029	NAM7	P3G06;P2B04;P2B04;P3D02;P3B08;P2E06;P1C07
1030	MMT1	P3G06;P3C07;P2G05;P1G10;P2B05;P2C06
1031	HXT14	P3G06;P2C02
1032	ATP11	P3G06;P3B10
1033	MET2	P3G06;P3E08;P2B11;P3F07
1034	IPI3	P3G06;P1F05
1035	CPT1	P3G06;P2B04
1036	INP52	P3G06;P3G11
1037	WSC3	P3G06;P3D03;P1E04
1038	ARG1	P3G06;P1B11
1039	RPL33B	P3G06;P1E04
1040	LDB19	P3G06
1041	PDR10	P3G06;P2C04;P3G11;P3G11;P2B04;P3C10;P2G11;P2B05;P3D05;P3E11
1042	PUS1	P3G06
1043	ODC1	P3G06
1044	MAK16	P2C04
1045	LTE1	P2C04;P3C10;P3F05;P3D02
1046	SSA1	P2C04;P2D11
1047	ALG3	P2C04
1048	PIN4	P2C04
1049	SLA1	P2C04;P2D06
1050	SMP1	P2C04;P2G04;P2G09
1051	MAL31	P2C04;P1G09;P3F05
1052	GLK1	P2C04;P2B04
1053	PET18	P2C04
1054	RHB1	P2C04
1055	FEN2	P2C04
1056	WHI4	P2C04;P1B02;P3C03;P1G05;P3D02;P3C05;P1E04;P2D06
1057	SEC31	P2C04;P3F03;P1C04
1058	ATG20	P2C04;P1D03
1059	TMA17	P2C04;P2G09
1060	GPD1	P2C04;P2B11
1061	SES1	P2C04;P2B04;P2B04;P2G05;P2B05;P2E06;P2C05;P2D11
1062	IPT1	P2C04;P2G05;P1G04;P3E08;P2C05
1063	TPS2	P2C04;P2G11;P3G09;P1E09;P3E02
1064	SAC3	P2C04;P1B02;P3C04;P1B07;P2B08
1065	HSP78	P2C04;P2B04;P3C10;P3D02;P2B05;P1G08
1066	DIN7	P2C04
1067	CPR5	P2C04
1068	GPI8	P2C04
1069	PDR15	P2C04;P2G05;P2G10;P3D05;P1C04
1070	HSP31	P2C04
1071	NOT3	P2C04;P2C04;P1B04
1072	IRR1	P2C04
1073	IST3	P2C04
1074	SEC3	P2C04;P1B02;P1B04
1075	THO1	P2C04
1076	RRT13	P2C04
1077	SER3	P2C04;P1G05;P1C04
1078	COM2	P2C04;P3D02
1079	COX15	P2C04;P3F11;P3D10;P1E04
1080	RAD4	P2C04;P2G05
1081	ECM32	P2C04;P1B03;P1C09;P2G04;P2D11;P3E02;P2C02
1082	MSH4	P2C04;P3F05;P3C11;P2C02;P2G09
1083	FAB1	P2C04;P2G11;P1E04;P3E11
1084	SAP4	P2C04
1085	BOL2	P2C04;P2G05;P2C11
1086	HOS2	P2C04;P2E08
1087	ROG1	P2C04;P3B08;P3E02
1088	PDR1	P2C04;P2G05;P3C04;P1E11;P2C02
1089	SCL1	P2C04;P3D03
1090	BUD9	P2C04
1091	UFD1	P2C04;P3C05;P1E09
1092	PIL1	P2C04;P2B05
1093	SKN1	P2C04;P1F07;P3D03
1094	TIF4631	P2C04
1095	SAY1	P2C04;P3F07;P3E02
1096	RIM4	P2C04;P2B08
1097	MRP4	P2C04
1098	YHI9	P2C04
1099	OSH3	P2C04;P3D03;P3D02;P3B11;P1C04
1100	APE4	P2C04
1101	FAR1	P2C04;P2E06;P2F07
1102	BFA1	P2C04
1103	URA8	P2C04;P2B07;P1E04;P2C05;P2C02
1104	CPA2	P2C04;P1B02;P2C06
1105	YJR125C;YJR125C	P2C04
1106	STE6	P2C04;P3D05
1107	MCD4	P2C04;P3D05
1108	TGL1	P2C04
1109	STB6	P2C04;P2G04
1110	YNK1	P2C04;P2B08
1111	TCD2	P2C04
1112	NMT1	P2C04;P2C02
1113	NOP56	P2C04;P3F11;P2B05
1114	STT4	P2C04;P1B02;P3C05;P2B05
1115	TDA5	P2C04;P1C04
1116	ECM30	P2C04;P2E06;P3F09;P2C06;P2C02
1117	YMR033W;YMR033W	P2C04
1118	ABF2	P2C04;P1D03
1119	YTA12	P2C04;P2B04;P3C03;P2G11;P3D05
1120	ASI1	P2C04;P2B07;P2C06
1121	RIM13	P2C04
1122	GCV2	P2C04;P1G09;P1B02
1123	AAD14	P2C04;P1F05
1124	UBP10	P2C04;P3G11;P3C04;P1B04;P1B04;P3D05
1125	NST1	P2C04;P1G04;P1H11
1126	TCB2	P2C04;P2D06
1127	MLF3	P2C04;P3F09
1128	ARP5	P2C04;P2B07;P2B05;P2E11;P1D03
1129	COG6	P2C04;P1F07;P2B10
1130	EFM6	P2C04;P1G04;P3D02
1131	PUL4	P2C04;P3C04
1132	HPF1	P2C04;P2C04;P3C04;P3D05;P1G08;P1G08;P2G09
1133	PHM7	P2C04;P1G09;P3F03;P2C05;P2C02;P2C02
1134	PRS5	P2C04
1135	VPS21	P2C04
1136	RPS7A	P2C04
1137	RTC5	P2C04
1138	IAH1	P2C04;P3C07;P1G04
1139	MTR10	P2C04;P3B10
1140	GAC1	P2C04;P1F10;P3C04;P3D10;P3D02
1141	SRL1	P2C04
1142	LCL1	P2C04
1143	SMA1	P2C04;P2D08;P3F09
1144	NTO1	P2C04
1145	FUS3	P1G09;P1G11
1146	TAF5	P1G09;P3C03;P1H11
1147	DUR1,2	P1G09;P1G05;P1B04;P2C05;P2D06;P2C06;P2C02
1148	BUD3	P1G09;P1B11;P3D03;P2G10;P1B07;P3B11
1149	ADY3	P1G09;P3G11;P3B07;P2F09;P2C05;P3B11
1150	NTH1	P1G09;P1F11
1151	SEC5	P1G09;P1B02;P3C10;P2C06
1152	CDC37	P1G09;P1F10
1153	CTA1	P1G09
1154	SVF1	P1G09;P3G11;P3B10;P1F10;P3C07;P1F11
1155	CSS1	P1G09;P1D09;P1D09;P1B04;P1B04;P1B04;P3F03;P1C04
1156	VAC8	P1G09;P3B10;P2G05;P3C03;P3G10
1157	SBH2	P1G09
1158	CEM1	P1G09
1159	PAU5	P1G09;P2E06
1160	GNA1	P1G09;P1F05
1161	IRC5	P1G09;P2B04
1162	INO80	P1G09;P2B04;P2B05;P2D11
1163	TYW3	P1G09
1164	PHO90	P1G09
1165	IML2	P1G09;P1F07;P1G05;P2E11;P2C05;P1C07
1166	MSA2	P1G09;P1F07;P2G05
1167	NNT1	P1G09
1168	ECM38	P1G09;P2C06;P2C02
1169	STV1	P1G09
1170	BXI1	P1G09;P1B04;P1E04
1171	PTC5	P1G09;P2B05
1172	YPK9	P1G09;P1B02;P2B05;P2E06;P3F03;P3F09;P3E02
1173	SRP68	P1G09
1174	RLM1	P1G09;P3E02
1175	ARP7	P1G09;P3D02
1176	RGC1	P1G09;P3C03;P3F09
1177	YPR204W;YPR204W	P1G09
1178	ACS1	P3G11;P3G10
1179	PSK1	P3G11;P3F05;P3F07;P1C07;P1E09
1180	PKC1	P3G11;P3C04;P3D10;P2F09
1181	RCR1	P3G11
1182	DUG2	P3G11;P2B04;P3E08;P3D05;P3G10
1183	HTL1	P3G11
1184	CBS2	P3G11;P2G04
1185	HXT3	P3G11;P3G11;P2G10;P2G10;P2C11
1186	ESF1	P3G11;P3E02
1187	SDH6	P3G11
1188	ATO3	P3G11;P2C05
1189	HKR1	P3G11;P3G11;P2G05;P2B07;P3F03;P3F03;P3F03;P3F03;P2E08
1190	TIF35	P3G11
1191	PRP3	P3G11;P3F07;P2D08
1192	URC2	P3G11;P3C04;P2D06
1193	KTR7	P3G11;P2B04
1194	PAN1	P3G11;P3C07;P3C07;P3C07;P1E04;P1E04;P1F05;P3E11;P1D03
1195	SNU71	P3G11;P1G05
1196	NNF2	P3G11;P2F09;P3F09
1197	CAF130	P3G11;P3C07;P1B03;P2B05;P2D08;P2G04
1198	SLI1	P3G11;P3D02;P2C02
1199	MYO1	P3G11;P1B04;P1C07;P2D06;P2C06
1200	SSZ1	P3G11;P3C05;P3D05
1201	CRP1	P3G11
1202	SKG6	P3G11;P3E02
1203	RTT107	P3G11;P3F11;P3F03
1204	URB2	P3G11;P2C05;P3B11
1205	HSL1	P3G11;P2C02
1206	LHS1	P3G11
1207	ANR2	P3G11
1208	SDO1	P3G11;P3D05
1209	PER33	P3G11;P3F09
1210	PEX30	P3G11;P2G05;P1D03;P1D03
1211	MAC1	P3G11
1212	JLP2	P3G11
1213	CAT8	P3G11;P1B03
1214	MRX6	P3G11;P2C05
1215	SLM2	P3G11;P2E06
1216	CTR9	P3G11;P1E04
1217	SDD3	P3G11;P3F03
1218	NFI1	P3G11
1219	SAM3	P3G11
1220	KIP2	P3G11;P2B05
1221	SGV1	P3G11;P1F10;P2B04;P2C06;P2G09
1222	RDH54	P3B07;P3C07;P1G05;P2C05
1223	FTH1	P3B07
1224	YPD1	P3B07
1225	DHH1	P3B07;P3F05;P3D02;P1F08;P1F11;P1D03
1226	NAT1	P3B07;P2B05
1227	HEM1	P3B07;P2B10;P3F03
1228	PEP7	P3B07;P2G05
1229	SEC20	P3B07
1230	SLF1	P3B07
1231	HPM1	P3B07;P3F05;P3G10;P2G09
1232	NPP2	P3B07;P2B04;P3C07;P2B10;P3E02
1233	ARB1	P3B07
1234	GLC7	P3B07;P3G09
1235	SMC2	P3B07;P1D09;P1F08;P2E08
1236	YGL234W;YGL234W	P3B07;P3E02
1237	RSM23	P3B07;P3C05
1238	SCY1	P3B07
1239	SMI1	P3B07;P3C11
1240	CDC12	P3B07
1241	BZZ1	P3B07;P3F11;P2B10;P3F07;P3C11;P3C11;P1C04
1242	FUR1	P3B07
1243	HXT8	P3B07
1244	CBP1	P3B07;P1G05;P3D02
1245	HCA4	P3B07
1246	RSF2	P3B07;P1B02;P3D11;P3B08;P2E06
1247	VPS1	P3B07;P2B05
1248	NUP133	P3B07;P3D05;P2C06;P2C02
1249	GPI13	P3B07;P2B05
1250	SPT8	P3B07
1251	SEC10	P3B07;P3C07
1252	OST6	P3B07
1253	SPT21	P3B07;P2B04;P2G04
1254	VNX1	P3B07;P3D02
1255	MON2	P3B07;P3C03;P1B07
1256	FAP1	P3B07;P3F05;P3C05
1257	NOG2	P3B07;P1G05;P3G10
1258	FRE7	P3B07
1259	GRE2	P3B07
1260	GLO4	P3B07
1261	FAA1	P3B07
1262	FRE5	P3B07;P3F11;P1F05;P2C11
1263	GAL4	P3B07;P3D10;P2B08
1264	PCL8	P3B07;P2G09
1265	GIP3	P3B07;P2E11;P1B07
1266	PDR12	P3B07;P1B02;P1B02;P3F03
1267	SMK1	P3B07;P2G05
1268	PRP4	P3B07;P1F10;P1C04
1269	AGP2	P3B10
1270	ELO2	P3B10
1271	HO	P3B10;P2G05;P3D11;P3E11;P2C11
1272	TIM22	P3B10
1273	MKC7	P3B10;P1B04;P2E11;P1C04
1274	SIM1	P3B10
1275	FCY21	P3B10;P3G10
1276	SCM4	P3B10
1277	ASN2	P3B10;P1B02;P2F09;P2B05
1278	CBF2	P3B10;P1B02;P3C07;P3C03;P2B05
1279	TDA3	P3B10;P1E11
1280	PHO12	P3B10;P2C06
1281	GZF3	P3B10
1282	BCK1	P3B10;P2B04;P3F03;P1C04
1283	ACF4	P3B10;P3C11
1284	PCK1	P3B10;P2C02
1285	YLL002W;YLL002W	P3B10
1286	SPO77	P3B10
1287	EAR1	P3B10
1288	RAS2	P3B10;P3C03;P2E11
1289	INP54	P3B10;P3C04
1290	MDM38	P3B10;P3D11
1291	NOB1	P3B10;P3E02
1292	YOR128C;YOR128C	P3B10;P1E11;P1C09
1293	ATF1	P3B10;P1B11;P2E06;P2G04
1294	NEW1	P3B10;P2B04;P3C07;P3C03;P3D03;P1G04;P3F05;P2G04;P2D11
1295	PPQ1	P3B10;P2B05
1296	DAP1	P3B10
1297	REV3	P3B10;P1C04
1298	ISU1	P3B10
1299	RTG3	P1F10;P2B04;P1B02
1300	SNF11	P1F10;P2C06
1301	CDS_IV_878449_882411	P1F10;P3F03
1302	UPC2	P1F10;P3F05
1303	IRC3	P1F10;P2G05;P3E02
1304	JIP4	P1F10;P3C04;P1C07
1305	RRD1	P1F10;P1B02;P3B11
1306	UTP25	P1F10;P1G05;P2C02
1307	PRO3	P1F10;P2B05
1308	YCK3	P1F10;P3C11
1309	YFR034C;YFR034C	P1F10;P1F07
1310	SNT2	P1F10;P2B05;P1F05
1311	MUP3	P1F10;P2C02
1312	ERG11	P1F10;P1B04
1313	MED6	P1F10;P2F09
1314	PAN3	P1F10;P2B04
1315	AUR1	P1F10;P3C10
1316	VPS51	P1F10
1317	RAD5	P1F10;P3C03;P3F05;P3B08
1318	VTA1	P1F10;P3C04
1319	NUP116	P1F10
1320	DCP2	P1F10;P2B04;P2B05;P2E06;P3D05;P2G04;P3E11;P3E11
1321	END3	P1F10
1322	PPM2	P1F10
1323	APM4	P1F10;P2B04;P3D02;P2C11
1324	DIS3	P1F10;P3D05
1325	MRD1	P1F10;P1B11;P1B04;P3D05
1326	MMS1	P1F10;P2E06
1327	PRX1	P1F07
1328	APN2	P1F07;P2B11
1329	NUR1	P1F07;P2E08
1330	DOS2	P1F07;P2F07
1331	GCN2	P1F07;P1B04;P2C05;P3E02
1332	RGA2	P1F07;P3D03;P1F08;P2B05;P1D03;P2G09
1333	TMA108	P1F07;P2G05;P2G09
1334	STH1	P1F07;P2B07
1335	DJP1	P1F07
1336	YPS6	P1F07;P3C04;P3B08
1337	NPR2	P1F07
1338	FCY22	P1F07;P1B02;P3F09
1339	IES5	P1F07
1340	RSP5	P1F07;P2B04
1341	CKB1	P1F07
1342	RBG2	P1F07;P1H11
1343	VTC4	P1F07
1344	SBA1	P1F07
1345	GFA1	P1F07;P2B04;P2G10;P3E02;P3E02
1346	DCK1	P1F07;P1D09
1347	SML1	P1F07
1348	TAP42	P1F07
1349	YPK2	P1F07;P3D11;P3C05;P1B04
1350	ERG29	P1F07
1351	FOL1	P1F07;P2B04;P1G04;P1B04
1352	VPS27	P1F07
1353	CSS3	P1F07;P2B07;P2C05
1354	COQ10	P1F07
1355	AKR2	P1F07;P2E11;P2G04
1356	VPS5	P1F07;P1F08
1357	ELG1	P1F07;P3D10;P2C05
1358	BOL3	P1B11
1359	KAP104	P1B11;P3B11
1360	PCH2	P1B11;P2B07;P3E02
1361	REI1	P1B11
1362	SRF1	P1B11;P3C05;P3D05;P1F05
1363	GCV1	P1B11;P2D06
1364	DOP1	P1B11;P1G04;P1B04;P3D05
1365	SWA2	P1B11;P3F07
1366	YSP2	P1B11;P3D11;P2E06;P2C05;P2D06
1367	GUT2	P1B11
1368	SPO73	P1B11
1369	GDI1	P1B11;P3D03;P2E11;P1E09;P3E02;P1C04
1370	MIL1	P1B11;P3C07
1371	MES1	P1B11;P3F11
1372	RIX1	P1B11
1373	GCD14	P1B11
1374	SMF3	P1B11;P1D09;P1D03;P2G09
1375	XYL2	P1B11;P2G04
1376	ATM1	P1B11;P1G08
1377	CSE2	P1B11;P1F11
1378	BIO5	P1B11;P1B03
1379	UBP2	P1B11;P2B04;P3E02;P1D03;P2C02
1380	YTA6	P1B11;P3D10;P3B08
1381	TFC8	P1B11;P1G05;P1B04
1382	CIT3	P1B11
1383	PTA1	P2B04;P1D03
1384	SPO7	P2B04
1385	PRM9	P2B04;P2B04;P2B04;P2B04;P1D03;P1D03;P1D03
1386	AST1	P2B04
1387	SAS3	P2B04;P1G04;P3D05
1388	EDE1	P2B04;P1G04;P1G08;P1C04;P1C04
1389	STU1	P2B04;P3G10;P2D06;P2B08;P3E02
1390	COQ1	P2B04;P2F07
1391	QDR3	P2B04
1392	TIP1	P2B04
1393	ECM8	P2B04
1394	SIF2	P2B04;P2F09;P3F03
1395	AME1	P2B04;P2G05;P1C09
1396	PBN1	P2B04;P3G10
1397	CDC39	P2B04;P3C07;P2E11;P2D11;P1F11;P1C04
1398	GIT1	P2B04;P3D10;P2G10;P2B05;P3E11
1399	GDH2	P2B04;P3F11;P3F11;P1B04;P3G10
1400	CDC53	P2B04;P2G05
1401	UBX3	P2B04;P2B05;P3E11
1402	USO1	P2B04;P3F11;P3C07;P3C03;P2D06;P1E09
1403	FAD1	P2B04
1404	EHD3	P2B04;P3C03
1405	RRG1	P2B04
1406	MSH6	P2B04;P1G04;P1G08
1407	SPO71	P2B04;P2B04;P1G04;P2G04;P2G09
1408	TMN2	P2B04;P2B04;P3F09;P2C02
1409	TAF12	P2B04;P1C09;P1C09
1410	SEC1	P2B04
1411	STB3	P2B04;P3D05
1412	RAV2	P2B04
1413	AHA1	P2B04;P2B04;P1C09
1414	DON1	P2B04
1415	YHP1	P2B04
1416	PAC11	P2B04;P1B04
1417	AGE1	P2B04;P2B04
1418	PAD1	P2B04;P2C06
1419	SOA1	P2B04
1420	SLN1	P2B04;P2B07;P1E11;P2G09
1421	CAB2	P2B04;P3G09
1422	DFG10	P2B04
1423	SYG1	P2B04
1424	POL5	P2B04
1425	PRP22	P2B04;P2G04;P2C06
1426	MOT2	P2B04;P2B11;P2G04
1427	ILV1	P2B04
1428	TRP2	P2B04;P2G09
1429	KAP123	P2B04;P3D10;P1C04
1430	YER122C;YER122C	P2B04
1431	PEA2	P2B04;P3G10;P1G08
1432	CHD1	P2B04;P3F07;P3F03;P1G11
1433	MOB2	P2B04;P2G10
1434	GSY1	P2B04;P3D11;P2C06
1435	HXK1	P2B04;P2C02
1436	PDE1	P2B04;P3F05
1437	KIP3	P2B04
1438	HUL5	P2B04
1439	TOS8	P2B04
1440	PYC1	P2B04;P3F05;P3E08;P2C11;P2C02
1441	CUL3	P2B04;P3D02
1442	GSC2	P2B04;P3F05;P2G10;P1E04;P1G08;P1C07;P1F11;P2B08
1443	MUP1	P2B04;P2G05;P3C04
1444	SPT6	P2B04;P2B05;P3F03
1445	BUB1	P2B04
1446	CRH1	P2B04
1447	FYV8	P2B04;P1G05;P3C05;P2D06
1448	PMT6	P2B04;P2G04
1449	YGR204W;YGR204W	P2B04
1450	HSV2	P2B04
1451	LSC2	P2B04
1452	RAD2	P2B04;P3C03;P1F08
1453	TAF1	P2B04;P2G04;P2C11
1454	MAL12	P2B04;P3C05;P3G09
1455	ECM29	P2B04;P3C04;P3C05;P1E04;P2F07;P2C06;P1C04
1456	VMA22	P2B04;P1E04
1457	GGA2	P2B04;P3C03;P2C05
1458	YHR110W;YHR110W	P2B04
1459	ROF1	P2B04;P2F07
1460	SET2	P2B04;P1C08;P2B07;P2G10
1461	URA2	P2B04;P2D08;P3E11;P2C06;P1C04
1462	LSM1	P2B04
1463	TOK1	P2B04;P2E11;P1G08;P1G08
1464	TAX4	P2B04;P3C03;P3C05;P2E11;P1H11
1465	TOR1	P2B04;P3D03;P3F05;P1G08;P2D11
1466	GRR1	P2B04;P3C03;P1C07
1467	IBA57	P2B04;P2B07;P3D05
1468	SRY1	P2B04;P2B04
1469	SAC1	P2B04
1470	UBA1	P2B04;P1G10;P1E04;P3F09
1471	CNB1	P2B04
1472	AVT3	P2B04;P3E08;P2C02
1473	RAD27	P2B04
1474	SLD2	P2B04;P1E04;P2D08
1475	AAT1	P2B04
1476	BCH2	P2B04;P2D06;P3B11
1477	HFL1	P2B04
1478	RIX7	P2B04
1479	BPT1	P2B04;P1B02;P1F05
1480	SSK1	P2B04;P2B04;P3F05
1481	ADE16	P2B04;P2G05;P2D11
1482	FRE8	P2B04;P3E11
1483	ZRT2	P2B04;P2G10
1484	RFX1	P2B04;P3B11
1485	YEF3	P2B04;P1D03;P2C02
1486	HSP60	P2B04;P2F09;P2G09;P1C04
1487	CDC25	P2B04;P3C05
1488	CHS5	P2B04;P2G04;P2C05
1489	STP3	P2B04
1490	VPS36	P2B04
1491	SEN1	P2B04;P3C03;P2B05;P3F03;P2C02
1492	VMA6	P2B04
1493	FPR4	P2B04;P3C10;P2C02
1494	COG8	P2B04;P2B11
1495	RNA14	P2B04;P3E02;P2C06
1496	AVO2	P2B04;P2B10;P1H11;P2D08;P2C05
1497	FDO1	P2B04;P2B04;P2G04;P3E11
1498	ABZ2	P2B04;P2G05;P3F03;P3F03;P3G09
1499	STB1	P2B04;P2C05
1500	BNI4	P2B04;P1B03;P3F09
1501	RAP1	P2B04;P2C05;P1E09
1502	MER1	P2B04;P1E04
1503	INN1	P2B04
1504	TOM70	P2B04;P1G05
1505	IMP4	P2B04
1506	BDP1	P2B04;P1B03;P1F05
1507	YNL030W;YNL030W	P2B04;P3C10;P1E04;P3F07;P1H11;P1B07;P3G10;P1G08;P2C11
1508	LST8	P2B04;P3D10
1509	SOL1	P2B04
1510	NDJ1	P2B04
1511	GAL11	P2B04;P2G04;P2G04;P3G10;P3E02
1512	LPL1	P2B04;P1F08
1513	TCB1	P2B04;P3D03;P3F09;P1F05
1514	VPH1	P2B04
1515	KRE5	P2B04
1516	GDS1	P2B04;P2G04;P2D11;P1D03
1517	CUB1	P2B04;P3D02
1518	APL5	P2B04
1519	DDC1	P2B04
1520	PRM4	P2B04
1521	KAP120	P2B04;P3C10;P3D05
1522	KTR6	P2B04;P3C03;P2G09
1523	GRS2	P2B04
1524	DBF20	P2B04;P2G05;P1D09
1525	AXL1	P2B04;P2B11;P1E09
1526	LOA1	P2B04
1527	CDS_XVI_844691_845995	P2B04
1528	TIF3	P2B04;P3E02;P3E02;P3E02
1529	AQY1	P2B04
1530	PIM1	P3F11;P3C04;P3D11;P3D02;P1C07;P1F11;P3B11
1531	GBP2	P3F11
1532	POL4	P3F11
1533	CWH43	P3F11;P2F07
1534	SSK22	P3F11;P3E08;P1E04;P2C02
1535	ACK1	P3F11;P1B02;P3C05;P2G04
1536	VPS41	P3F11;P1B04;P2B08
1537	SUR2	P3F11;P3F11;P3D05;P3G09;P2C11
1538	SKP1	P3F11
1539	RVS167	P3F11;P2C06;P2G09
1540	FDC1	P3F11;P3F03;P2D06
1541	CBR1	P3F11
1542	YER103W;YER103W	P3F11
1543	HNM1	P3F11;P2G04;P2G04
1544	PHB1	P3F11;P1C04
1545	WSS1	P3F11;P1E04
1546	AIM46	P3F11
1547	DPI8	P3F11
1548	TRK1	P3F11;P1G04;P2G10;P2G04;P1D03
1549	HUL4	P3F11;P1E11;P3F05
1550	OPI3	P3F11;P2D08
1551	RPL14A	P3F11;P2G10
1552	PDR8	P3F11
1553	TMA10	P3F11;P3C03
1554	SOV1	P3F11
1555	CTF13	P3F11;P3C03;P1G10;P2F09;P2D06;P2C02
1556	GAS3	P3F11;P2C05
1557	GAS1	P3F11
1558	YPT11	P3F11
1559	IST1	P3F11;P1E04
1560	NPR1	P3F11;P3C07;P2D11
1561	RPL25	P3F11;P1E09
1562	GPD2	P3F11
1563	PRE6	P3F11
1564	AHC1	P3F11;P1E11;P3C05;P2G09
1565	PRT1	P3F11
1566	FMP40	P3F11
1567	SET6	P3F11;P3F09
1568	PNG1	P3F11;P3C04
1569	RPS6A	P3F11
1570	SDD4	P3F11;P3C10;P3B11
1571	SYT1	P3F11;P2C05;P2D06;P1C04
1572	EHT1	P1B02;P2B05;P3D05;P2D06
1573	PHO89	P1B02
1574	PWP2	P1B02;P3C03;P1G04;P3F05;P2B05
1575	GUD1	P1B02
1576	PCL2	P1B02
1577	SNA4	P1B02;P3C07
1578	BRE1	P1B02;P2G04
1579	TRS85	P1B02;P1B04;P1F08;P2B05;P3C11
1580	ALT2	P1B02;P2C02
1581	MSC2	P1B02;P3F03
1582	CDS_IV_871902_873218;CDS_IV_871902_873194	P1B02;P2C06
1583	PRP42	P1B02;P2B11
1584	SUM1	P1B02;P3F05;P3D05;P1G08;P2C06;P2C06;P1C04;P1C04
1585	GIN4	P1B02;P2C02
1586	CDS_IX_19847_21220	P1B02;P3D05
1587	ARC15	P1B02
1588	SQT1	P1B02
1589	RML2	P1B02
1590	RAD23	P1B02;P2C05
1591	IRC22	P1B02;P1B04
1592	RPN3	P1B02;P3C03
1593	UBP9	P1B02
1594	ALR2	P1B02
1595	RPO41	P1B02;P1G05;P2B11;P1B03;P3F07
1596	HXK2	P1B02;P2B11;P2D08;P1F05;P2C06;P2G09
1597	SPO74	P1B02;P1E04
1598	THG1	P1B02
1599	NUP57	P1B02;P3D03;P2B05;P2B08
1600	MIC26	P1B02;P2E06;P3D05
1601	MGA1	P1B02;P3F05;P2G09
1602	VPS35	P1B02
1603	HYM1	P1B02
1604	COY1	P1B02;P3C04;P1G04;P2E06
1605	NNR2	P1B02;P2C06
1606	CWP1	P1B02;P3C03
1607	VBA5	P1B02;P3E08;P2C05;P2C06
1608	MNL2	P1B02;P1E04;P2B05;P3D05
1609	RKM5	P1B02
1610	ATP14	P1B02
1611	BDF1	P1B02;P1G05;P1E04
1612	ITT1	P1B02;P2C05
1613	SPC2	P1B02
1614	CDC5	P1B02
1615	NAT4	P1B02;P1E11;P2D06
1616	BCH1	P1B02;P1C04
1617	PRE5	P1B02
1618	NAR1	P1B02;P3C05;P3C05;P3E11
1619	GCR2	P1B02;P2B08
1620	AGA1	P1B02;P3C10;P1E04;P1E04;P1E04;P2E06
1621	BIO4	P1B02
1622	HMS1	P1B02
1623	VPS17	P1B02;P2B05;P2C06;P1D03
1624	ATG40	P1B02;P1B04;P2E11;P2D08;P2D08
1625	GCD1	P1B02;P1C09
1626	YAR1	P1B02
1627	TAF3	P1B02;P1C09
1628	FUR4	P3C07;P3B11;P1C04
1629	UBP14	P3C07;P3C10;P1D03
1630	RPG1	P3C07;P2B10;P3E08;P1F08;P1D03
1631	EXO84	P3C07
1632	SHE3	P3C07;P1B04
1633	BEM1	P3C07
1634	MTC4	P3C07
1635	LRG1	P3C07;P2D06;P2D06
1636	ENT1	P3C07;P2G05;P1G04
1637	PHO2	P3C07;P2G05
1638	MBP1	P3C07;P3C03
1639	PBP4	P3C07;P3F03;P3F03
1640	MTF2	P3C07
1641	YDR058C;YDR058C	P3C07
1642	SWF1	P3C07
1643	YCF1	P3C07;P2G05;P2G11;P2B05;P3G10;P1C04
1644	SNF6	P3C07;P1C08;P2B05
1645	RAD26	P3C07
1646	TTI2	P3C07
1647	PXA2	P3C07;P2B05
1648	PRS1	P3C07;P1C08;P3F03
1649	APS1	P3C07
1650	UTP21	P3C07;P1B04;P3F03;P1C09
1651	LAP3	P3C07;P2E06
1652	JJJ1	P3C07
1653	FMP41	P3C07;P3E02
1654	ALG12	P3C07;P1E09
1655	DIA2	P3C07;P3F03
1656	TFB2	P3C07;P1H11
1657	RPA135	P3C07
1658	AGC1	P3C07;P3C03;P3D10;P2B05;P3D05
1659	SPC72	P2G05
1660	CDC15	P2G05;P2E06
1661	MIX23	P2G05
1662	MRX3	P2G05;P2B10
1663	PRE7	P2G05
1664	TKL2	P2G05;P2E11
1665	YSW1	P2G05;P1E11;P1E11;P2G09
1666	SSE2	P2G05;P3E02
1667	DER1	P2G05
1668	CSM1	P2G05;P1G04
1669	BRE4	P2G05;P1G04;P2D11;P2C02
1670	NRP1	P2G05
1671	SAS10	P2G05;P1B03;P2C11
1672	RPP1B	P2G05;P1C09;P1C04
1673	GET3	P2G05;P2C11
1674	SLM3	P2G05
1675	CDS_IV_513497_517516	P2G05
1676	ARO1	P2G05;P3C04;P3D11;P2B11;P2B05;P2G04
1677	HSP42	P2G05
1678	ADR1	P2G05;P3D03;P1B04;P2D06
1679	HEL2	P2G05
1680	HNT2	P2G05
1681	STP1	P2G05;P3G10
1682	VPS3	P2G05;P3G10;P1C04
1683	TAO3	P2G05;P1F08
1684	PRK1	P2G05
1685	VID28	P2G05;P2G05;P3D03;P2G04;P2C05;P1C07;P1C04
1686	GEA2	P2G05;P3C03;P2F07
1687	VAB2	P2G05;P2B05;P2D08
1688	PTP3	P2G05;P2C05;P1D03
1689	SAK1	P2G05;P3C05;P2G04;P2C06
1690	PMD1	P2G05;P2G11;P2G04;P3F09;P3E11;P2C02
1691	DAK2	P2G05;P2G09
1692	LAM5	P2G05;P3C05
1693	RPL22B	P2G05
1694	LPD1	P2G05
1695	RAI1	P2G05
1696	YPT32	P2G05;P2G11;P2C11
1697	CDC55	P2G05;P1D09;P2G10;P1B04;P2B05;P2E08
1698	PMR1	P2G05;P2G04
1699	NSA1	P2G05;P2C02
1700	DPC29	P2G05
1701	TFC4	P2G05
1702	VHT1	P2G05;P2D06
1703	FSH1	P2G05
1704	YPT35	P2G05
1705	CTM1	P2G05;P3C04
1706	HAL5	P2G05;P2B05
1707	APS3	P2G05
1708	BBC1	P2G05;P3D10;P3F09;P3F09;P3F09;P3F09
1709	APL1	P2G05
1710	RPS4A	P2G05
1711	MST1	P2G05
1712	PIR1	P2G05
1713	YPK1	P2G05;P2B10;P3B11
1714	OAR1	P2G05
1715	TOF2	P2G05
1716	MRPL20	P2G05;P1G04
1717	SDH2	P2G05;P3D03
1718	XDJ1	P2G05
1719	SUL2	P2G05;P2G05;P3C03;P3G10
1720	NYV1	P2G05
1721	CLF1	P2G05;P2G04
1722	ECM22	P2G05;P3D11;P2B05
1723	MEC3	P2G05;P2G05
1724	MET17	P2G05;P3C04;P2B07;P2G04
1725	NUP2	P2G05;P1F08
1726	FKS1	P2G05;P1C08;P3C03;P1B04;P1B04;P2B05;P1F11
1727	VPS33	P2G05;P3D11;P2D06
1728	NDI1	P2G05;P3F09
1729	RAD52	P2G05
1730	TAF4	P2G05
1731	RCH1	P2G05
1732	FUS2	P2G05;P2E06;P2D06;P1D03
1733	FAA4	P2G05;P3F07
1734	RRN9	P2G05;P2C05
1735	TEX1	P2G05;P2G09
1736	ATG4	P2G05;P2B11;P3B08;P3F03
1737	PSY2	P2G05;P3F07;P1G08;P1F05
1738	RLP7	P2G05
1739	SNF12	P2G05;P3D02;P2G04;P1C04
1740	SEC12	P2G05
1741	POP2	P2G05;P1B04
1742	IMA2	P2G05;P2B05
1743	NOP8	P2G05
1744	TMA46	P2G05
1745	IDH2	P2G05;P2E11;P3D05;P2C05
1746	REV1	P2G05;P3F07;P2C02
1747	SPP1	P2G05
1748	EEB1	P2G05;P2B08;P1D03
1749	SEC16	P2G05;P2B05;P3C11;P3F09;P2C06
1750	DSS4	P2G05
1751	ARO7	P2G05;P2F09
1752	DPB2	P2G05;P1C04
1753	MDM10	P3C10;P2C05
1754	BAP2	P3C10
1755	TFC1	P3C10
1756	SRB8	P3C10;P1E04;P2E11;P2G04;P2G04
1757	GIC2	P3C10;P2G11;P2G10
1758	ARO10	P3C10;P1F05
1759	PUF6	P3C10;P1B04;P3F03
1760	CAB1	P3C10
1761	GVP36	P3C10;P3F05
1762	GLY1	P3C10;P2B07;P2F09;P2G09
1763	TFG2	P3C10;P3D11;P3F07
1764	CIR1	P3C10;P1B04
1765	GRE3	P3C10;P1E04;P3F03
1766	GLG2	P3C10
1767	ZAP1	P3C10;P3C10;P2G09
1768	IRC8	P3C10;P1B04
1769	RAD7	P3C10;P2G10
1770	CAB3	P3C10
1771	PRP40	P3C10;P1B04
1772	MIC60	P3C10
1773	PLN1	P3C10
1774	PAM18	P3C10
1775	PSR2	P3C10
1776	MEF1	P3C10
1777	GEP5	P3C10
1778	MCM5	P3C10
1779	NIT3	P3C10;P2G04
1780	CCW14	P3C10;P2G04
1781	TDA9	P3C10;P1B04;P2E11;P3F03;P1F05
1782	AIP1	P3C10;P3B08;P2E06;P1G11
1783	SAS2	P3C10
1784	ROT1	P3C10;P1G08;P2F07
1785	BUL1	P3C10;P2C02
1786	ATG3	P3C10
1787	PET494	P3C10
1788	HSP33	P3C10;P2C02
1789	TPO3	P3C10;P3C05
1790	MAL33	P1C08
1791	COP1	P1C08;P1H11;P1B07;P2C05;P2C06
1792	PCF11	P1C08;P1G05;P2F09
1793	API2	P1C08;P2C02
1794	CIN8	P1C08;P3E11
1795	SDT1	P1C08
1796	ESP1	P1C08;P1G04;P2D06;P3F09
1797	DMA1	P1C08;P3D03;P1B03
1798	ECM14	P1C08
1799	KRE9	P1C08;P1C07
1800	TIM54	P1C08
1801	SPO75	P1C08
1802	MMS22	P1C08;P3C03;P2F07;P1C04
1803	BER1	P1C08;P2E08
1804	RPM2	P1C08;P3C03;P1E04;P1C04
1805	CDS_XIV_97203_101165;CDS_XIV_101149_102471	P1C08;P1C08
1806	OCA1	P1C08
1807	PAU20	P1C08
1808	FLO9	P3C03;P2B10;P3D11;P3D11;P3D11;P3D02;P1B04;P2B05;P3G10
1809	RKM3	P3C03;P1C07
1810	CSG2	P3C03
1811	REB1	P3C03;P2B11;P2F07;P2F07;P1D03
1812	TPS1	P3C03;P2F07
1813	MBA1	P3C03;P1E11
1814	PYC2	P3C03;P3E08;P2E06;P3F03;P2D06;P2B08
1815	SHM1	P3C03;P1G05;P3D11
1816	SSH1	P3C03;P3D02;P2E06;P3F03;P3E02
1817	PGS1	P3C03
1818	ABP1	P3C03
1819	AIM6	P3C03;P3E11
1820	RPC53	P3C03
1821	DBP10	P3C03;P3D11;P3G09;P2C05
1822	SLX5	P3C03;P1D09
1823	HRQ1	P3C03;P3D05;P1C04
1824	PEX3	P3C03;P1D03
1825	RPN9	P3C03
1826	RPN2	P3C03;P3D03;P3C11;P1F11
1827	SNP1	P3C03;P2B10
1828	RGI2	P3C03
1829	SNL1	P3C03
1830	AIM21	P3C03;P2C05
1831	YAP5	P3C03
1832	RMD6	P3C03
1833	YEL067C;YEL066W	P3C03
1834	GPA2	P3C03
1835	SAP155	P3C03;P2B11;P2F09
1836	FLC3	P3C03;P3D11;P3C05;P2G10;P3D05;P1C09;P2C05;P2C05
1837	GPG1	P3C03
1838	PRM8	P3C03
1839	STF2	P3C03;P1D03
1840	PUP2	P3C03
1841	SBE22	P3C03;P3C03;P3C03;P3F05;P1D09;P1B04
1842	FMO1	P3C03;P1E04
1843	OYE2	P3C03;P1E04;P3E02
1844	IMD2	P3C03;P2E06
1845	EXO70	P3C03
1846	ANB1	P3C03;P3D03
1847	OXP1	P3C03;P1G05;P2B05;P2B05;P2C02
1848	RPT1	P3C03;P1F05;P2C06;P1C04
1849	GMH1	P3C03;P3D10
1850	TML25	P3C03
1851	APC2	P3C03;P2B11;P2C02
1852	ACS2	P3C03;P3G09
1853	MSC3	P3C03
1854	IMH1	P3C03;P3C05
1855	RSC2	P3C03;P2B05;P2E08
1856	RCO1	P3C03
1857	DNF3	P3C03;P1G05;P1G11
1858	DDR48	P3C03;P3C03;P2G04;P2D06
1859	SGS1	P3C03;P1G04
1860	GTO3	P3C03;P2G11;P1E04
1861	BOR1	P3C03;P3F05
1862	VAC7	P3C03;P1G05
1863	SMM1	P3C03
1864	MDH2	P3C03;P2G04
1865	PKH2	P3C03;P2B07;P3G09;P1F05
1866	RFC4	P3C03
1867	SMC5	P3C03;P2B08
1868	TIR4	P3C03;P3F05
1869	RTS1	P3C03;P1B04;P3F03
1870	MSA1	P3C03
1871	MED4	P3C03;P3G09
1872	RUD3	P3C03
1873	GNT1	P3C03
1874	TPK2	P3C03;P1G04;P2E11;P3E11
1875	MFM1	P3C03;P2F07
1876	AIM45	P3C03;P2C06
1877	LDS1	P1G10
1878	GPI18	P1G10;P3D10
1879	GCS1	P1G10
1880	NUP84	P1G10;P2F09
1881	RRP8	P1G10;P2C05;P2C02
1882	PIG2	P1G10;P3D03;P3C05;P2D08;P2G04;P3E11;P2C02
1883	FIR1	P1G10
1884	CDC14	P1G10
1885	SSP1	P1G10;P2D06
1886	PRY1	P1G10
1887	IDP2	P1G10;P3E08
1888	YLR451W;YLR451W;YLR451W	P1G10;P3G10;P2C06
1889	RPL15B	P1G10
1890	PHA2	P1G10
1891	FRT1	P1G10;P1C04
1892	CDC60	P1G10;P3F07;P2E08
1893	UBC1	P2G11;P3E11
1894	EMP65	P2G11;P3F05
1895	ZRT1	P2G11;P2B10;P2F09;P2G09
1896	GAR1	P2G11
1897	SPT10	P2G11
1898	CCT7	P2G11
1899	BNA2	P2G11
1900	STE18	P2G11;P1C04
1901	VID22	P2G11;P2C05
1902	PRM6	P2G11
1903	MCO76	P2G11;P2C05;P3E11;P2G09
1904	SSE1	P2G11;P3C04;P3E02
1905	SEA4	P3C04
1906	THI2	P3C04
1907	RPL35A	P3C04
1908	GPR1	P3C04
1909	SOK1	P3C04
1910	DET1	P3C04;P1D03
1911	SNU56	P3C04
1912	MNN10	P3C04
1913	VHS1	P3C04;P2E11
1914	SRP101	P3C04;P3E02
1915	MRPL35	P3C04;P1B03
1916	ATP17	P3C04
1917	DOT1	P3C04
1918	NHX1	P3C04;P3E11
1919	YIL082W;CDS_IX_205638_206488;CDS_IX_205638_206487	P3C04
1920	SLX8	P3C04
1921	PHO4	P3C04;P2G04
1922	IRC7	P3C04
1923	GPI10	P3C04
1924	PRP43	P3C04;P3G09
1925	YGK1	P3C04
1926	PGD1	P3C04
1927	BNS1	P3C04
1928	RIM101	P3C04
1929	NPR3	P3C04;P2G04
1930	ETP1	P3C04
1931	MSH1	P3C04;P2E11;P1D03
1932	KEL1	P3C04;P2B05
1933	PTH1	P3C04
1934	HXT9	P3C04;P2B05;P1G11;P2D08
1935	ZRT3	P3C04
1936	YJU2	P3C04
1937	MBR1	P3C04;P2D11;P1C04;P1C04
1938	PSR1	P3C04;P3D02
1939	SFI1	P3C04;P1B04;P1B07
1940	RPL10	P3C04
1941	PWP1	P3C04;P1G11;P1D03
1942	TAF11	P3C04
1943	SEG1	P3C04;P1G05
1944	PGM2	P3C04;P2D06
1945	INP2	P3C04;P3C04;P1G04
1946	PRM15	P3C04
1947	ATR2	P3C04;P3E02
1948	CAF120	P3C04;P3C04;P1E04;P3B08
1949	PGA1	P3C04
1950	THO2	P3C04;P3B08;P3D05
1951	MKT1	P3C04
1952	DSE4	P3C04
1953	COS10	P3C04;P3C11
1954	DIP5	P3C04
1955	LSP1	P3C04
1956	CSR2	P3C04
1957	MRL1	P3C04;P2F09
1958	CNE1	P3D03;P2E06
1959	PRP6	P3D03;P1C09
1960	CNS1	P3D03;P1B04
1961	TSC10	P3D03;P1B04
1962	HCM1	P3D03;P3F03;P3F03;P1G08;P2C02
1963	MRK1	P3D03;P1E04;P2D11;P3E02
1964	LYS14	P3D03;P3E08
1965	NBP2	P3D03;P1G11
1966	ZIP1	P3D03;P3G10
1967	MCM3	P3D03;P1G04;P2C05
1968	ADH4	P3D03
1969	MRF1	P3D03
1970	DBP3	P3D03
1971	DED81	P3D03
1972	DOG1	P3D03;P3D03;P3D03;P2D06
1973	IRE1	P3D03
1974	NAM8	P3D03;P1E09
1975	VPS25	P3D03
1976	APE2	P3D03
1977	URA6	P3D03
1978	SPT23	P3D03;P2D06;P2E08;P3E02
1979	UIP5	P3D03;P2C02
1980	OMA1	P3D03
1981	AQY2	P3D03
1982	CDS_XII_112848_115994	P3D03;P2G04;P2D11
1983	SIC1	P3D03
1984	NMD4	P3D03;P3F05;P2C02
1985	STE23	P3D03;P3D03;P3C05;P3C05;P1F08
1986	SEC14	P3D03
1987	SNZ1	P3D03;P2F09
1988	TDA1	P3D03;P2B05
1989	RCM1	P3D03
1990	HMI1	P3D03;P2E11
1991	NUF2	P3D03;P3C05
1992	YRR1	P3D03;P3C05;P3D05
1993	SLK19	P3D03;P1B07;P2G04
1994	DFR1	P3D03;P3D05
1995	GUP2	P3D03;P1B04;P2C05
1996	GLN1	P3D03
1997	YMC1	P3D03
1998	VPS8	P1G04
1999	NTH2	P1G04
2000	SMY2	P1G04
2001	GDT1	P1G04;P2D06
2002	SLX1	P1G04
2003	CTP1	P1G04;P1G04;P1F05;P2F07
2004	FYV5	P1G04
2005	THR4	P1G04
2006	CDC13	P1G04;P3D11;P2G04
2007	RAD28	P1G04
2008	MAK21	P1G04;P3D02;P2G04
2009	SAN1	P1G04;P2D06
2010	UME6	P1G04;P2B05
2011	SPR28	P1G04
2012	AKR1	P1G04;P3D10;P1C04
2013	CCC2	P1G04;P3B08
2014	OMS1	P1G04;P1B07;P3B11
2015	TIM11	P1G04
2016	VPS60	P1G04
2017	SSL2	P1G04
2018	SNU13	P1G04
2019	VAM7	P1G04;P3E11
2020	ROK1	P1G04;P3E08;P1F05
2021	FMP48	P1G04
2022	PCP1	P1G04
2023	UTP8	P1G04;P3D11;P2F07
2024	LSO2	P1G04
2025	OKP1	P1G04;P3G09
2026	MIP6	P1G04;P3F03;P3G10
2027	TRL1	P1G04;P2D06
2028	MPM1	P1G04
2029	LAS21	P1G04
2030	ILV3	P1G04
2031	LOS1	P1G04;P3B08;P1C07
2032	SPE1	P1G04;P1D03
2033	LST4	P1G04;P2B11
2034	SNF7	P1G04;P2C06
2035	CDC45	P1G04;P2G04;P1F05
2036	RCK2	P1G04;P3D02;P2C05
2037	ORC1	P1G04
2038	STO1	P1G04
2039	SCJ1	P1G04
2040	GPI12	P1G04;P3D10;P2G09;P2G09
2041	ZWF1	P1G04;P1F08;P2B05;P2G04;P1C04
2042	IBD2	P1G04;P2F09
2043	SSK2	P1G04;P3E08;P2B11;P2E08
2044	NBA1	P1G04;P2E08
2045	SGO1	P1G04;P3G10;P2C05
2046	THI80	P1G04;P3E08
2047	ENV7	P1G04
2048	UME1	P1G04;P2D06;P1F05
2049	RRP12	P1G04
2050	PDH1	P1G04
2051	CCL1	P1G04
2052	BSP1	P1G04
2053	TEL1	P3D10;P3E08;P2F09;P1E04;P2B05;P2B05;P1B07;P2C02;P2C02
2054	RRN6	P3D10
2055	CCZ1	P3D10
2056	PPH22	P3D10;P2F09
2057	PAR32	P3D10;P2B08
2058	RPN6	P3D10;P1B04
2059	CCT6	P3D10;P3F03
2060	CDC40	P3D10
2061	NKP1	P3D10
2062	RNR1	P3D10;P1E11
2063	YOS1	P3D10
2064	OST5	P3D10
2065	USE1	P3D10;P1C04
2066	YGL014W;YGL014W	P3D10;P3G09;P2D08
2067	SOL4	P3D10
2068	EFM1	P3D10;P3F03;P2C11;P2C11
2069	ARG4	P3D10
2070	YCK1	P3D10;P3D05;P2D08
2071	RNR2	P3D10
2072	CCT3	P3D10;P1G08
2073	MOG1	P3D10;P3C05;P2F07
2074	EBP2	P3D10
2075	ORC3	P3D10
2076	DIP2	P3D10;P1F08
2077	PDC5	P3D10;P2B05
2078	RRT15	P3D10;P3C05;P3C05;P3E08;P1B04;P2D06
2079	CDA1	P3D10
2080	PEP5	P3D10;P2C11
2081	RNA1	P3D10
2082	SKO1	P3D10
2083	POL1	P3D10;P2E06;P3F03;P2C02
2084	YOR372C;YOR372C	P3D10
2085	HSP32	P3D10
2086	PHO87	P2B10;P3B08;P3E02
2087	GRX6	P2B10
2088	SNA2	P2B10
2089	STL1	P2B10;P3F03;P1G11
2090	DSN1	P2B10;P1B07
2091	DCG1	P2B10;P1E11
2092	YGL259W;YGL259W	P2B10;P2B10
2093	STR3	P2B10;P2C06;P1D03
2094	SKN7	P2B10;P1E04;P3F03
2095	GPI15	P2B10;P2C06
2096	NAT3	P2B10
2097	RHO1	P2B10;P2B08
2098	SPB1	P2B07
2099	STN1	P2B07;P3F07
2100	MRPL7	P2B07
2101	YDR346C;YDR346C	P2B07;P1F08
2102	SDP1	P2B07;P3G10
2103	GLE2	P2B07;P1G05;P1B03
2104	AIP5	P2B07;P2C05;P1E09
2105	SGF73	P2B07;P1E04
2106	REC107	P2B07
2107	YAE1	P2B07
2108	TOR2	P2B07;P3E08;P1F05;P3E11;P2C11
2109	NKP2	P2B07;P3C05
2110	ADD37	P2B07
2111	CEF1	P2B07;P2C02
2112	YHM2	P2B07
2113	DAL82	P2B07
2114	SEC2	P2B07
2115	KIN4	P2B07;P2B05;P2C02
2116	NPP1	P1E11;P2E08
2117	MSH3	P1E11;P3E02
2118	RPP1A	P1E11
2119	HST4	P1E11
2120	FAA3	P1E11;P1E04
2121	UBC6	P1E11
2122	PAN2	P1E11;P1E04;P1H11;P1C07;P2B08
2123	YGL013C;YGL013C	P1E11
2124	RNH70	P1E11
2125	PTC7	P1E11
2126	POM33	P1E11
2127	IZH3	P1E11
2128	ERB1	P1E11;P2G10
2129	FET4	P1E11
2130	VID27	P1E11;P1G05
2131	CKB2	P1E11
2132	SSP2	P1E11;P3D02;P3B11
2133	TRE1	P1E11;P2D06;P3E02;P2C06
2134	SKS1	P1E11;P1D09;P2B05
2135	GAL1	P3F05
2136	POA1	P3F05
2137	TEC1	P3F05
2138	LDH1	P3F05;P1E04
2139	PAU3	P3F05;P3G09
2140	NPC2	P3F05;P3D11;P3B11
2141	FIN1	P3F05;P2D11
2142	URH1	P3F05;P3F05
2143	HEH2	P3F05
2144	PHO8	P3F05;P3F07;P2D06;P1F05
2145	PAU15	P3F05
2146	DSF1	P3F05;P1B07;P2D08
2147	EDC3	P3F05;P3F03
2148	PCL6	P3F05;P3E02
2149	FLO8	P3F05;P3D02
2150	CCA1	P3F05;P2C02
2151	YFL047W;YFL047W	P3F05
2152	HXT10	P3F05;P3G09
2153	MIN10	P3F05
2154	BUD13	P3F05;P2C06
2155	YRB30	P3F05
2156	LEU1	P3F05;P1G05;P2G04
2157	LST7	P3F05;P2B05
2158	CDS_VII_707917_708766	P3F05;P3C05
2159	PPX1	P3F05;P3C11
2160	MNL1	P3F05;P3F03;P3D05;P2C05;P3E02
2161	SET4	P3F05;P2B05
2162	CHM7	P3F05;P3E08;P2F07
2163	JSN1	P3F05;P2C05;P1E09
2164	YMR1	P3F05;P1E04
2165	HOM6	P3F05
2166	TFA1	P3F05
2167	CCE1	P3F05
2168	MRPL13	P3F05
2169	TRZ1	P3F05;P3C05;P3G10
2170	THI73	P3F05
2171	BOS1	P3F05;P1C04
2172	MDL1	P3F05
2173	ART10	P3F05;P1F11
2174	RPL31B	P3F05;P3D05
2175	CSM3	P3F05
2176	ARG7	P3F05
2177	LDO16	P3F05
2178	DFG5	P3F05
2179	YNL267W;YNL267W	P3F05
2180	DSL1	P3F05;P1B07;P3D05;P1G08;P2D11;P3E11
2181	CBK1	P3F05;P1B07;P2C06
2182	MTQ1	P3F05;P2C05
2183	LRO1	P3F05;P2D06
2184	ABZ1	P3F05
2185	THP1	P3F05;P1G05
2186	NRT1	P3F05
2187	SFL1	P3F05;P2D11
2188	SPR1	P3F05
2189	MCA1	P3F05;P2B05
2190	PRO2	P3F05
2191	VTS1	P3F05;P1G08
2192	IPL1	P3F05
2193	RKM1	P3F05;P3C11
2194	PXA1	P3F05;P1D09;P2B05;P3G10
2195	MRP51	P3F05
2196	LGE1	P3F05
2197	MRX11	P3F05;P2G09
2198	ISM1	P3F05;P3F07;P2B05
2199	YTH1	P3F05;P3F03
2200	RFA1	P1G05
2201	CDC27	P1G05;P1E04
2202	CHK1	P1G05
2203	YDL159W;YDL159C-B	P1G05;P3D11
2204	UBP1	P1G05;P3D11;P1C04
2205	NGG1	P1G05;P2C06
2206	TOM1	P1G05;P1B04;P3D05;P2G04
2207	PKH1	P1G05;P2C06
2208	IRC4	P1G05
2209	MCM10	P1G05;P1F05
2210	YRB2	P1G05;P1D03
2211	APQ12	P1G05;P2B11
2212	BIM1	P1G05
2213	FTR1	P1G05
2214	TAF6	P1G05;P2E06
2215	MIG1	P1G05
2216	CCM1	P1G05;P2G09
2217	UBR1	P1G05;P1G05;P1D09;P3C05;P3F03;P2C05;P2D06;P3E11;P2C06;P2C02
2218	TDA10	P1G05
2219	BIG1	P1G05
2220	KIC1	P1G05;P1E04;P3B11;P2B08
2221	IKI1	P1G05
2222	MBB1	P1G05;P1G05;P2C02
2223	JJJ2	P1G05;P3D02
2224	SMT1	P1G05;P3E11
2225	MPS3	P1G05;P3E11
2226	SKG1	P1G05
2227	PAU18	P1G05
2228	LDB18	P1G05
2229	RFU1	P1G05
2230	GRX8	P1G05
2231	CST9	P1G05;P2B08
2232	AMD1	P1G05
2233	PSO2	P1G05;P2G04;P2C05;P1C07
2234	YIM1	P1G05
2235	FMP42	P1G05;P2G09
2236	APP1	P1G05
2237	EOS1	P1G05;P2B11
2238	MSO1	P1G05
2239	CDS_XV_704342_708361	P1G05
2240	BEM4	P1G05
2241	ATG13	P1G05;P3D02
2242	OSH2	P3D11
2243	INO2	P3D11
2244	VPS64	P3D11
2245	GCD6	P3D11;P1E04;P3F03
2246	MUS81	P3D11;P1E04
2247	SAC7	P3D11;P3D11
2248	ERD1	P3D11
2249	QDR2	P3D11;P3D05;P2C05
2250	RPB3	P3D11;P3F07
2251	ANP1	P3D11
2252	SWP82	P3D11;P2C02
2253	MIG2	P3D11;P1G08;P2C02
2254	SCW11	P3D11
2255	PUF4	P3D11;P3C05;P2G10;P2F09
2256	PEF1	P3D11;P1C09
2257	TPC1	P3D11;P2C05
2258	TRS65	P3D11
2259	AMA1	P3D11;P3C11
2260	PFS1	P3D11
2261	MDV1	P3D11;P3D02;P2C05
2262	UTP18	P3D11
2263	TRK2	P3D11
2264	GPT2	P3D11
2265	PDC1	P3D11;P2B05
2266	AIM33	P3D11
2267	SPC98	P3D11;P2G10;P1E04;P3G10
2268	LDS2	P3D11;P2C05
2269	VHS3	P3D11;P1E04;P1E04;P3E02;P3E02
2270	DPI34	P3D11;P1B04
2271	SME1	P3D11
2272	GEP3	P3D11;P2C05
2273	ARL3	P3D11
2274	SPO23	P1D09
2275	PCL9	P1D09
2276	PRM2	P1D09
2277	VMA8	P1D09
2278	BUD16	P1D09
2279	TIM10	P1D09
2280	CDS_X_198677_198997	P1D09;P1H11;P3F03;P2C02
2281	NMD5	P1D09;P2G09
2282	SDH1	P1D09
2283	TRM2	P1D09;P3C05
2284	SSA2	P1D09
2285	SMD3	P1D09
2286	ENT2	P1D09;P2D06
2287	MSC1	P1D09;P2F09
2288	ECM16	P1D09;P1B07;P2G04
2289	GYL1	P1D09;P3G10
2290	ROD1	P1D09;P2C06
2291	YOR034C;YOR034C	P1D09
2292	PAU8	P3D02
2293	GRS1	P3D02;P2C06
2294	CPR4	P3D02
2295	RPC11	P3D02
2296	COX26	P3D02
2297	RKM4	P3D02
2298	SPP41	P3D02
2299	MOB1	P3D02;P3D02;P2C05
2300	SGN1	P3D02
2301	MND2	P3D02;P3B08
2302	SIT1	P3D02;P3B08
2303	CHO1	P3D02;P3B11
2304	KRE29	P3D02
2305	AAD6	P3D02
2306	CNN1	P3D02
2307	POX1	P3D02;P2B05;P3F09
2308	BTN2	P3D02;P2G04;P2D06
2309	ZPR1	P3D02;P2G09
2310	PHO81	P3D02;P1B04;P3D05;P3C11;P2C02
2311	BRF1	P3D02
2312	BRL1	P3D02
2313	SET1	P3D02;P1E04
2314	MDM31	P3D02;P2B08
2315	PMU1	P3D02
2316	PRR1	P3D02;P1B04;P1F05
2317	RNP1	P3D02;P3B11
2318	ATG26	P3D02
2319	PNP1	P3D02
2320	SPP382	P3D02;P3D02
2321	TSL1	P3D02
2322	RGM1	P3D02;P3G10
2323	KRE1	P3D02;P2D06;P1D03
2324	ALP1	P3D02;P2B05
2325	PUB1	P3D02
2326	RPO31	P3D02;P2B05
2327	RGA1	P3D02;P3F07;P2E08;P1F05
2328	SMP3	P3D02
2329	COT1	P3D02;P1F08
2330	PDE2	P3D02;P3D02;P2D08;P2C02;P1C04
2331	AIM44	P3D02;P2G10;P2B05
2332	LTP1	P3D02
2333	RPN7	P3D02;P2B05
2334	TPD3	P3C05;P2C11
2335	ROT2	P3C05;P1E04;P1E04;P3D05;P2D06;P2C02
2336	MRPL37	P3C05
2337	CTO1	P3C05;P2E08
2338	PRR2	P3C05;P2G09
2339	UGA3	P3C05;P3F03
2340	BUG1	P3C05
2341	RPL13A	P3C05;P3F03
2342	EKI1	P3C05;P2C05
2343	SLY1	P3C05;P1B04;P2D08;P1C07;P1F05
2344	RAD34	P3C05;P3F03
2345	DIT2	P3C05
2346	NIT1	P3C05;P2C05
2347	SDS3	P3C05;P1E09
2348	HOP1	P3C05;P3D05
2349	PKP1	P3C05
2350	MGA2	P3C05
2351	RGD2	P3C05;P1E04
2352	PKP2	P3C05;P3C11;P2G04
2353	GPC1	P3C05
2354	SFB3	P3C05;P2C02
2355	RPL42B	P3C05
2356	REC104	P3C05
2357	DAS1	P3C05;P2B05;P1G08;P2F07
2358	ASF1	P3C05
2359	ALY2	P3C05;P3F03;P3C11;P2D06;P2F07;P1D03;P2C02
2360	ARP4	P3C05
2361	LIA1	P3C05
2362	VMA5	P3C05
2363	DBP7	P3C05;P2E06
2364	ATG10	P3C05
2365	AVL9	P3C05;P2C02
2366	YLR347C;YLR347C	P3C05
2367	YLR362W;YLR362W	P3C05
2368	SST2	P3C05;P2D06;P1F05
2369	YML005W;YML005W	P3C05
2370	STB4	P3C05;P3E08;P2C05
2371	MIH1	P3C05
2372	ARA2	P3C05
2373	NCS2	P3C05;P2C02
2374	CDS_XV_36821_38566	P3C05
2375	RDL1	P3C05;P2D11
2376	RTC6	P3C05
2377	POC4	P3C05
2378	QCR2	P3C05;P1B04;P1E04
2379	PRS4	P2G10
2380	HIR1	P2G10
2381	ABD1	P2G10
2382	GID7	P2G10
2383	SRO9	P2G10
2384	KCC4	P2G10
2385	STE2	P2G10
2386	RSC30	P2G10;P3C11;P2C05;P3E02
2387	DCD1	P2G10;P1E09
2388	SPC97	P2G10;P2E06;P3E02
2389	STE24	P2G10
2390	ENT3	P2G10
2391	MCR1	P2G10
2392	UBP11	P2G10;P1E04;P1F05
2393	RCE1	P2G10
2394	PBR1	P2G10
2395	BNI5	P2G10
2396	USV1	P2G10
2397	SPC29	P2G10
2398	YME1	P2G10;P1E04;P2B05;P1E09
2399	SPO24	P2G10
2400	SPT7	P3E08
2401	PGI1	P3E08
2402	SHG1	P3E08
2403	PHO13	P3E08
2404	RPL31A	P3E08
2405	AFR1	P3E08
2406	MSS4	P3E08
2407	CDS_IV_981252_982544	P3E08
2408	PFU1	P3E08
2409	EMI2	P3E08
2410	PUG1	P3E08
2411	PRS3	P3E08;P3F07
2412	LSB6	P3E08
2413	MRPL8	P3E08;P2D06
2414	MTR4	P3E08;P2D06;P2C02
2415	MRT4	P3E08
2416	YLL066W-B;YLL066W-B;YLL066W-B;YLL066W-B	P3E08
2417	YLL066W-B;YLL066W-B;YLL066W-B	P3E08
2418	POM34	P3E08
2419	SIN4	P3E08;P1C07;P2D06
2420	TEP1	P3E08
2421	COG5	P3E08;P3B08
2422	LYS9	P3E08
2423	SPT20	P3E08;P3F03
2424	TRS33	P3E08
2425	DCI1	P3E08;P2G04
2426	STE13	P3E08;P2C06;P2C02
2427	MCP1	P3E08
2428	COX10	P3E08;P2D06;P1E09
2429	LEE1	P3E08
2430	ERG10	P3E08;P3F03
2431	MET12	P3E08
2432	VHS2	P2B11;P3F03
2433	RRT14	P2B11
2434	TUB2	P2B11
2435	BNA6	P2B11
2436	SPG1	P2B11
2437	PMT4	P2B11
2438	FLO10	P2B11;P2C02
2439	BRE2	P2B11
2440	BUL2	P2B11;P2C02
2441	RPL18B	P2B11;P2D06
2442	GAS4	P2B11
2443	MHF1	P2B11
2444	RPL3	P2B11;P3D05
2445	OST3	P2B11;P3F03
2446	ICL2	P2B11;P3B11
2447	MYO4	P2F09;P3D05;P1C04;P1C04
2448	HEK2	P2F09
2449	MFG1	P2F09
2450	KIN1	P2F09
2451	THI74	P2F09
2452	POT1	P2F09;P3D05
2453	SPO22	P2F09
2454	ULP2	P2F09
2455	AGP3	P2F09;P3E02
2456	DIE2	P2F09;P2C02
2457	ARD1	P2F09
2458	JEM1	P2F09
2459	NSP1	P2F09
2460	SUI2	P2F09
2461	MDE1	P2F09
2462	HEL1	P2F09;P2B05;P3G10
2463	KAE1	P2F09
2464	DBP9	P2F09
2465	GSF2	P2F09;P3E02
2466	CDS_XIII_357395_361357	P2F09;P1C04
2467	TVP18	P2F09
2468	FSH2	P2F09
2469	PIP2	P2F09;P1E04;P3G09;P2C05
2470	CDS_XVI_850971_854933	P2F09
2471	VPS15	P1B04;P2B05;P3G09;P2D11;P2F07;P2C02;P2G09
2472	KTR4	P1B04
2473	RGD1	P1B04;P2E06
2474	IMG1	P1B04
2475	CDC48	P1B04;P3C11;P3B11
2476	RRP42	P1B04
2477	SWM1	P1B04
2478	CFT1	P1B04
2479	PHO92	P1B04
2480	AFG3	P1B04
2481	HMF1	P1B04
2482	SCS3	P1B04;P1D03
2483	SNF4	P1B04
2484	RMD9	P1B04;P3G10
2485	RPL7A	P1B04
2486	MCO32	P1B04
2487	SHY1	P1B04
2488	YHB1	P1B04;P1B04;P1B04
2489	MAL11	P1B04;P2C11
2490	SSF1	P1B04;P2C06
2491	HXT1	P1B04;P2B08
2492	TOM71	P1B04;P3D05;P2C06
2493	ATP12	P1B04
2494	SFH5	P1B04;P2G04
2495	BET4	P1B04;P1F05
2496	ISY1	P1B04
2497	HAP4	P1B04;P1G11;P1D03;P1D03
2498	SIS2	P1B04;P2C05
2499	AYT1	P1B04;P1E04;P3D05;P3E11;P1D03
2500	UBR2	P1B04;P2B05;P2G04;P3E11;P1C04
2501	RAX2	P1B04
2502	ICT1	P1B04
2503	MDM30	P1B04
2504	YOX1	P1B04;P3G10
2505	MRPS8	P1B04
2506	RNH1	P1B04
2507	FIG4	P1B04
2508	SIP3	P1B04;P1F05
2509	YCK2	P1B04;P2C05
2510	CRT10	P1B04;P3E02
2511	PEX15	P1B04;P1C04
2512	STI1	P1B04
2513	MKK1	P1B04;P2C02
2514	ALA1	P1B04
2515	HUT1	P1B04
2516	YPL058C;YPL058C	P1B04
2517	NOP4	P1B04;P2E06;P2C05
2518	CMR3	P1B04;P3D05;P2C05
2519	COG4	P1B04;P1B03;P2B05
2520	SPN1	P1B04
2521	IMD1	P1B03;P2B05
2522	MRPL16	P1B03
2523	NPL4	P1B03;P2D06
2524	ERV15	P1B03
2525	CHA1	P1B03
2526	RNQ1	P1B03
2527	PAT1	P1B03;P2E06
2528	MRX16	P1B03
2529	MTH1	P1B03;P3B11
2530	SHQ1	P1B03
2531	RTR1	P1B03
2532	YER158C;YER158C;YER158C	P1B03;P2F07
2533	MVB12	P1B03
2534	ERC1	P1B03;P1F05
2535	PRM10	P1B03
2536	RCI50	P1B03
2537	SHE2	P1B03
2538	SMY1	P1B03
2539	OSW2	P1B03
2540	NBP1	P1B03;P2C02
2541	MOT3	P1B03;P3B11
2542	RTT106	P1B03
2543	NIS1	P1B03
2544	TLG2	P1B03
2545	MSC6	P1B03;P1E04
2546	MRS6	P1B03;P2C05;P2C02
2547	ASN1	P1B03;P2D06;P2C02
2548	RIB1	P1F08
2549	RPB7	P1F08
2550	FIT1	P1F08;P1E04
2551	RET2	P1F08
2552	SWC4	P1F08
2553	SPR3	P1F08
2554	PCT1	P1F08;P2B05;P3G10
2555	ENO1	P1F08;P1F05
2556	CDS_VIII_544610_548575;CDS_VIII_548556_549992	P1F08
2557	VTH2	P1F08
2558	CCT5	P1F08;P2B05
2559	CTS1	P1F08
2560	SEC72	P1F08
2561	SIR3	P1F08;P2D06
2562	AIM32	P1F08
2563	CGI121	P1F08
2564	PET111	P1F08
2565	POP1	P1F08;P3B11
2566	CYT1	P1F08
2567	FSF1	P1F08
2568	BUD7	P1F08
2569	ATP4	P1F08;P3E02
2570	KIP1	P1E04;P1H11
2571	MRPL27	P1E04
2572	RPN5	P1E04
2573	QRI7	P1E04
2574	SLC1	P1E04;P2C11
2575	DBF4	P1E04
2576	PPH3	P1E04
2577	HLR1	P1E04
2578	SUC2	P1E04;P2C05;P2E08;P2G09
2579	CCT2	P1E04;P1G11;P2D06
2580	TCA17	P1E04
2581	GLN3	P1E04;P3B08
2582	SWI4	P1E04;P2D06;P3F09
2583	RPH1	P1E04;P1F05
2584	PES4	P1E04
2585	GUS1	P1E04;P2G04
2586	SEC15	P1E04;P3F07
2587	TIP20	P1E04
2588	OCH1	P1E04
2589	JAC1	P1E04
2590	ENP2	P1E04;P1C04
2591	VPS29	P1E04;P1D03
2592	NEL1	P1E04;P2C06;P2C02
2593	INM1	P1E04;P1F05
2594	YHR211W;YHR211W	P1E04
2595	GON7	P1E04
2596	GEA1	P1E04
2597	EAP1	P1E04
2598	MUD2	P1E04
2599	LIP2	P1E04;P3D05
2600	VPS34	P1E04
2601	BUD6	P1E04;P2C05
2602	SPO20	P1E04
2603	STB2	P1E04;P3F03;P2D06
2604	YMR229C;YMR229C	P1E04
2605	MID1	P1E04
2606	LYP1	P1E04;P2B08
2607	RRG9	P1E04
2608	SSB2	P1E04
2609	YNL104C;YNL104C	P1E04;P2B05
2610	RPS7B	P1E04
2611	YPT53	P1E04
2612	MDM20	P1E04;P2B05;P2G04;P2C05
2613	NGL1	P1E04
2614	PLB3	P1E04
2615	TOP1	P1E04
2616	SKI7	P1E04
2617	CDS_XV_704342_708361;CDS_XV_708339_709655	P1E04
2618	ABP140	P1E04;P2E06;P3B11
2619	HAP5	P1E04
2620	HRR25	P1E04
2621	BRR1	P1E04;P2E11
2622	ALG1	P3F07
2623	MPC2	P3F07
2624	SOL3	P3F07
2625	NPA3	P3F07
2626	MET1	P3F07;P2C05
2627	FRA1	P3F07
2628	RPN13	P3F07
2629	URA5	P3F07
2630	MVP1	P3F07
2631	RTP1	P3F07;P2B05;P1E09
2632	ROY1	P3F07
2633	PPA2	P3F07
2634	FAR11	P3F07;P3G09;P1F05;P1C04
2635	FPK1	P3F07;P2B05;P3D05;P1F05
2636	PFK27	P3F07;P1F11
2637	IZH4	P3F07
2638	CRS5	P3F07
2639	HAL1	P3F07
2640	SNC1	P2B05
2641	FRT2	P2B05;P2E06;P1C04
2642	DEP1	P2B05
2643	SCO2	P2B05;P3F09
2644	ADH5	P2B05;P3G10;P2D06
2645	CSH1	P2B05
2646	RSC6	P2B05;P2B05
2647	TRX3	P2B05
2648	THI13	P2B05;P3E02
2649	KIN28	P2B05;P2C06
2650	DIA3	P2B05
2651	NSI1	P2B05
2652	SHU2	P2B05
2653	XRS2	P2B05;P3E11
2654	DXO1	P2B05
2655	PFA5	P2B05
2656	SPS1	P2B05
2657	MNT3	P2B05
2658	HOM3	P2B05;P2G04;P2F07
2659	RGI1	P2B05
2660	GYP8	P2B05;P1D03
2661	CLG1	P2B05;P2C11
2662	GTS1	P2B05;P2B05
2663	NSR1	P2B05
2664	ERG1	P2B05
2665	RNR4	P2B05
2666	HUA1	P2B05;P2B08
2667	HSE1	P2B05;P3D05;P3E02;P2C02
2668	MNN5	P2B05;P2D08;P2G04
2669	YHC3	P2B05
2670	MHO1	P2B05;P2E06
2671	SSC1	P2B05;P3C11
2672	YET1	P2B05
2673	TFA2	P2B05
2674	GRC3	P2B05;P2C02
2675	SPH1	P2B05;P1F05
2676	GAS2	P2B05;P2C05;P3E02
2677	ELO3	P2B05;P2E11;P3E02
2678	ECM7	P2B05;P3E02
2679	MTG1	P2B05
2680	YMR317W;YMR317W	P2B05
2681	NSG2	P2B05
2682	YDJ1	P2B05
2683	TGL5	P2B05
2684	MGM1	P2B05;P3D05;P2C05
2685	CLP1	P2B05;P3E11
2686	MCH5	P2B05
2687	SCP1	P2B05
2688	NUD1	P2B05
2689	AMF1	P2B05
2690	RDR1	P2B05
2691	CAM1	P2B05;P2C05
2692	EGD1	P2B05;P1E09
2693	SVL3	P2B05;P1C09;P2G04
2694	AEP3	P2B05;P1E09
2695	FUN26	P2E11
2696	CIT2	P2E11
2697	GAL3	P2E11
2698	SXM1	P2E11;P2C05
2699	MET13	P2E11;P3B11;P3E02
2700	ERG25	P2E11
2701	CBP2	P2E11;P2C06
2702	PTM1	P2E11;P3G10;P2C02
2703	SEC39	P2E11;P1G11
2704	GTR1	P2E11
2705	FAR3	P2E11
2706	PDL32	P2E11
2707	TAT2	P2E11;P3D05;P3D05
2708	STD1	P2E11
2709	RPT5	P2E11
2710	TEF1	P2E11
2711	SNM1	P1H11
2712	CDS_IX_29415_30047	P1H11;P2C02
2713	HIS5	P1H11
2714	UTR2	P1H11;P2F07
2715	LSG1	P1H11
2716	ILV5	P1H11;P2D06;P3E11
2717	BLS1	P1H11
2718	CUZ1	P1H11;P3F03
2719	SCD5	P1H11;P1C07;P2C02
2720	MRX4	P1H11;P1C04
2721	SER33	P1B07
2722	NIC96	P1B07;P2B08
2723	KEG1	P1B07;P2C05
2724	DSD1	P1B07
2725	CUP2	P1B07
2726	PIH1	P1B07
2727	BOP2	P1B07
2728	VAC14	P1B07;P3E02
2729	PHO80	P1B07
2730	MRP2	P1B07
2731	OPT2	P1B07;P2E08
2732	GEM1	P3B08
2733	ITR1	P3B08;P3G10
2734	PFK1	P3B08
2735	VRP1	P3B08
2736	CRN1	P3B08;P2D06
2737	YRF1-4	P3B08
2738	MSN2	P3B08;P2B08;P3E02;P2C06;P2C02
2739	LCB1	P3B08;P1G08
2740	ALG9	P3B08;P2C06
2741	RCL1	P3B08
2742	SLI15	P2E06
2743	YCR079W;YCR079W	P2E06
2744	NOP14	P2E06;P2C02
2745	RGP1	P2E06;P3F03;P2D11
2746	ARG82	P2E06
2747	UGO1	P2E06
2748	PRB1	P2E06;P3G10
2749	SLO1	P2E06;P2E06
2750	MAD1	P2E06;P2C02
2751	RIM8	P2E06;P1F05
2752	ART5	P2E06
2753	PPT1	P2E06;P3D05;P2G04;P2C05;P2D11;P1C04
2754	CDS_VIII_85904_86989	P2E06
2755	HTD2	P2E06
2756	LSM12	P2E06
2757	GND1	P2E06
2758	CDS_X_197914_198594	P2E06
2759	GSM1	P2E06;P2D06;P3E02
2760	PEX1	P2E06;P2C02
2761	PHD1	P2E06;P2G04;P1F05
2762	SRN2	P2E06
2763	SYM1	P2E06
2764	CMP2	P2E06;P2C05
2765	COS1	P2E06;P1C09
2766	SEC21	P2E06
2767	WSC2	P2E06
2768	RPS3	P2E06
2769	HOL1	P2E06;P3E11
2770	RAD53	P2E06;P3F03
2771	HTS1	P2E06
2772	HOS1	P2E06
2773	NOT5	P2E06
2774	TDA6	P2E06;P1C04
2775	RBG1	P3F03
2776	FUN12	P3F03;P3F09;P2B08
2777	SEC18	P3F03;P3D05;P2G09
2778	STE50	P3F03
2779	LYS20	P3F03;P3F03
2780	ERP3	P3F03
2781	RAD57	P3F03
2782	CDC1	P3F03;P2D11;P2C06
2783	RAD9	P3F03
2784	TFB3	P3F03
2785	MXR1	P3F03
2786	DDI2	P3F03
2787	YFH7	P3F03;P1C04
2788	SEC27	P3F03
2789	CRM1	P3F03
2790	NOP19	P3F03
2791	YNG2	P3F03
2792	YAP1801	P3F03
2793	THP2	P3F03
2794	NIT2	P3F03
2795	RPE1	P3F03
2796	VPS53	P3F03
2797	RRN7	P3F03
2798	VPS55	P3F03
2799	SRP21	P3F03
2800	MTC2	P3F03
2801	SPC3	P3F03
2802	SOK2	P3F03
2803	SIP5	P3F03;P1C09;P2G04
2804	ALG11	P3F03
2805	HST1	P3F03;P1D03
2806	DGA1	P3F03
2807	MLH3	P3F03;P2C05;P2E08
2808	ERV2	P3F03
2809	MET16	P3F03
2810	GAL83	P1G11
2811	VHR2	P1G11;P2C11
2812	TIF4632	P1G11;P2D11
2813	MDH1	P1G11;P3E11
2814	PEP3	P1G11
2815	EST1	P1G11
2816	FBP1	P1G11
2817	GRX7	P3D05
2818	YRO2	P3D05
2819	CDC36	P3D05
2820	ENA1	P3D05;P2C05
2821	TRM1	P3D05
2822	ATP22	P3D05
2823	ESC2	P3D05
2824	DIT1	P3D05
2825	TRS31	P3D05
2826	SNF1	P3D05
2827	TRP5	P3D05
2828	BAT2	P3D05
2829	SEG2	P3D05
2830	MMO1	P3D05
2831	PIG1	P3D05
2832	RAD10	P3D05
2833	UFO1	P3D05
2834	TSA1	P3D05
2835	UNG1	P3D05;P2D06
2836	PKR1	P3D05
2837	SKY1	P3D05
2838	JNM1	P3D05
2839	HEF3	P3D05
2840	HRB1	P3D05;P3G09
2841	ARG8	P3D05
2842	GCY1	P3D05
2843	GET4	P3D05;P1F11
2844	MDL2	P3D05
2845	KEL3	P3D05;P2C05
2846	HFI1	P3D05
2847	SRP72	P3D05
2848	ISR1	P3D05
2849	YPR160W;YPR160C-A	P3D05
2850	GPH1	P3D05
2851	MAP2	P3G09;P3G09
2852	CDC34	P3G09;P2G04
2853	SER2	P3G09
2854	SBP1	P3G09
2855	GUT1	P3G09;P2C05
2856	DUR3	P3G09
2857	RRP14	P3G09
2858	YPT7	P3G09
2859	SEN15	P3G09
2860	MCK1	P3G09
2861	HXT11	P3G09;P2G04
2862	MED7	P3G09
2863	AFI1	P3G09
2864	RUP1	P3G09
2865	ISN1	P3G09;P2E08;P2B08
2866	ATG15	P1C09;P3E11
2867	CRF1	P1C09
2868	CHL4	P1C09;P1D03
2869	DSE1	P1C09
2870	GIC1	P1C09
2871	ECM5	P1C09
2872	PSE1	P1C09
2873	RRI2	P1C09
2874	PHR1	P1C09;P3G10
2875	MSD1	P1C09
2876	HTA2	P3C11
2877	PCS60	P3C11
2878	SNF5	P3C11
2879	RRP43	P3C11
2880	FUB1	P3C11;P1D03;P2G09
2881	MTC3	P3C11
2882	RRT6	P3C11
2883	SSY5	P3C11;P3B11
2884	RQT4	P3C11
2885	CFT2	P3C11
2886	RPA49	P3C11;P1C07;P2C06
2887	CRS1	P3C11;P1G08;P2D11
2888	SWM2	P3C11;P1C04
2889	LCB4	P3C11
2890	ARR3	P3C11
2891	FUN14	P2D08
2892	MED8	P2D08
2893	PSA1	P2D08
2894	YIA6	P2D08
2895	MAG1	P2D08;P3E02
2896	PUS5	P2D08
2897	PEX6	P2D08;P2C06
2898	DSC2	P2D08
2899	GSH2	P2D08
2900	CMK2	P2D08
2901	CSI2	P2D08
2902	ADE1	P2G04
2903	GAL10	P2G04
2904	RPL4A	P2G04
2905	IML3	P2G04
2906	RIB7	P2G04
2907	AGP1	P2G04
2908	PST2	P2G04
2909	VBA4	P2G04;P1C07
2910	CDS_IV_720860_721270	P2G04;P1C04
2911	CIA1	P2G04
2912	RQC1	P2G04
2913	DOT5	P2G04
2914	DAL2	P2G04
2915	SRB4	P2G04
2916	GCN20	P2G04
2917	PCL10	P2G04
2918	COQ8	P2G04;P3F09
2919	KXD1	P2G04
2920	TIM21	P2G04
2921	DBF2	P2G04
2922	RPS23A	P2G04
2923	MTR3	P2G04
2924	YGR184C;YGR184C	P2G04
2925	TDH3	P2G04
2926	COQ6	P2G04
2927	MSR1	P2G04
2928	ARP1	P2G04
2929	PTK2	P2G04;P3E02
2930	YSR3	P2G04
2931	KTR2	P2G04
2932	CRR1	P2G04
2933	BUD8	P2G04;P3E02
2934	CDS_XII_942021_943313	P2G04
2935	HOF1	P2G04
2936	RRB1	P2G04
2937	EGT2	P2G04;P3E02
2938	CNM67	P2G04
2939	SLZ1	P2G04
2940	FRE4	P2G04
2941	RTG1	P2G04
2942	UFE1	P2G04
2943	ECM3	P2G04;P1G08
2944	SLP1	P2G04
2945	RFC1	P2G04
2946	MIP1	P2G04;P2B08
2947	CIR2	P2G04;P3E02
2948	NIP100	P2G04;P2C05;P2C05;P2D11;P3F09
2949	MCM4	P2G04;P3E02
2950	SYN8	P3G10
2951	CDS_III_2824_3750	P3G10;P2B08
2952	RVB1	P3G10;P2C06
2953	RTN1	P3G10
2954	PEX5	P3G10
2955	HIM1	P3G10
2956	SHE9	P3G10
2957	RPL12A	P3G10
2958	FRD1	P3G10
2959	SPC25	P3G10
2960	FRS2	P3G10;P1C04
2961	CDC43	P3G10
2962	MDR1	P3G10;P1C07
2963	MIR1	P3G10
2964	TMH11	P3G10
2965	PXP2	P3G10;P2C02
2966	ATP25	P3G10;P3E02
2967	MUB1	P3G10
2968	RPD3	P3G10
2969	PIK1	P3G10;P3G10;P2C06
2970	RIO2	P3G10
2971	ENB1	P3G10;P2C02;P1C04
2972	SDH5	P3G10
2973	DCS2	P3G10
2974	RPT4	P3G10
2975	SNU66	P3G10
2976	FIT2	P3G10;P2F07
2977	VPS16	P3G10
2978	SUP45	P1G08
2979	LCB2	P1G08;P2G09
2980	ILT1	P1G08
2981	MFB1	P1G08
2982	ECM10	P1G08
2983	GPP2	P1G08
2984	SAE2	P1G08
2985	SPC105	P1G08
2986	LOH1	P1G08
2987	PLB2	P1G08
2988	PTP2	P1G08
2989	SOG2	P1G08
2990	MCM2	P2C05
2991	ECM31	P2C05
2992	FZO1	P2C05
2993	ERT1	P2C05;P2D06
2994	ARE1	P2C05
2995	TMA64	P2C05;P1C04
2996	ENT5	P2C05
2997	MSS116	P2C05
2998	SIP1	P2C05;P2D06
2999	PRM5	P2C05
3000	SPF1	P2C05
3001	PIC2	P2C05
3002	TSC11	P2C05
3003	SNO3	P2C05
3004	TPO2	P2C05
3005	SPS100	P2C05
3006	ENO2	P2C05
3007	GEF1	P2C05
3008	TPK3	P2C05
3009	FOX2	P2C05
3010	FPS1	P2C05
3011	SEI1	P2C05
3012	PUN1	P2C05
3013	CAR2	P2C05
3014	RPL6A	P2C05
3015	MSS1	P2C05
3016	CLN1	P2C05;P2D06;P2E08
3017	ERG12	P2C05
3018	ESBP6	P2C05
3019	PYP1	P2C05
3020	ESF2	P2C05
3021	SPE2	P2C05
3022	GAS5	P2C05
3023	CKA2	P2C05;P3B11
3024	LAS17	P2C05;P3E02;P2C06;P2C02
3025	CPA1	P2C05;P1F05
3026	ALD4	P2C05
3027	RPL5	P2C05
3028	HST2	P2C05
3029	MIS1	P2D11
3030	TAH1	P2D11
3031	HXT6	P2D11
3032	CIN10	P2D11
3033	AIM20	P2D11
3034	INP51	P2D11
3035	RTT105	P2D11
3036	HIS2	P2D11
3037	ERJ5	P2D11
3038	PMA1	P2D11;P2C02
3039	UTP22	P2D11
3040	THI4	P2D11
3041	SNU114	P2D11
3042	TUL1	P2D11;P3F09;P1E09;P2C11
3043	RPL8B	P2D11
3044	SMA2	P2D11;P3E11
3045	SUB1	P2D11
3046	TPS3	P2D11;P2D06;P2C02
3047	RIA1	P2D11;P3F09
3048	MSG5	P2D11
3049	SMF1	P2D11;P1F11
3050	ATX2	P2D11
3051	ALG5	P2D11
3052	MMS4	P1C07;P2C02
3053	MRPL28	P1C07;P1F11
3054	MRS1	P1C07
3055	GET2	P1C07;P2D06
3056	SHC1	P1C07
3057	MAM1	P1C07
3058	ITC1	P1C07
3059	CUE3	P1C07;P2C06
3060	VPS45	P1C07
3061	DYS1	P1C07
3062	SRP1	P1C07
3063	HHF2	P1C07
3064	WHI2	P1C07;P1F05
3065	PFY1	P1C07
3066	OYE3	P1C07
3067	BDH1	P2D06
3068	CDC19	P2D06;P3E02
3069	YPK3	P2D06
3070	NGR1	P2D06
3071	MGR1	P2D06
3072	PDI1	P2D06;P3F09;P2C11
3073	SYP1	P2D06
3074	ARO3	P2D06
3075	MET18	P2D06
3076	YEN1	P2D06;P3F09
3077	AIM9	P2D06
3078	SNZ3	P2D06
3079	ECO1	P2D06
3080	RAD54	P2D06
3081	ROM1	P2D06
3082	COX23	P2D06
3083	SPO12	P2D06
3084	NTA1	P2D06
3085	ECM27	P2D06;P2C02
3086	STR2	P2D06
3087	YKL211C;YKL211C	P2D06
3088	MRPL38	P2D06
3089	MHT1	P2D06
3090	KNS1	P2D06
3091	RGR1	P2D06;P1C04
3092	MID2	P2D06
3093	CAT2	P2D06
3094	GLO1	P2D06
3095	KAR5	P2D06;P1C04
3096	TIF34	P2D06
3097	CLA4	P2D06
3098	NRM1	P2D06;P3E02;P3E02
3099	THI20	P2D06
3100	PET127	P2D06
3101	CIN1	P2D06;P2B08
3102	TKL1	P2D06;P3E11
3103	URN1	P2D06
3104	SCS22	P3F09
3105	BUD5	P3F09
3106	YDL159W;YDL159W;YDL159C-B	P3F09
3107	TIR3	P3F09
3108	MNT2	P3F09;P3E02
3109	MRM2	P3F09
3110	APL6	P3F09;P3E02
3111	MRX12	P3F09
3112	IXR1	P3F09
3113	SPO14	P3F09;P3B11;P2G09
3114	STU2	P3F09
3115	SUR7	P3F09
3116	SPG5	P3F09;P2F07
3117	RPC82	P3F09
3118	PRP5	P1F11;P2C02;P1C04
3119	KAR4	P1F11
3120	MON1	P1F11
3121	TPO1	P1F11
3122	GSP2	P1F11
3123	DPC25	P1F11
3124	GIP4	P3B11;P3E11
3125	RAD18	P3B11
3126	ARP2	P3B11
3127	PLP1	P3B11
3128	RTT103	P3B11;P1D03
3129	IMP2'	P3B11
3130	NMA2	P3B11
3131	TRM5	P3B11
3132	CDC23	P3B11
3133	DPS1	P3B11
3134	SND2	P3B11
3135	TRM732	P3B11;P3E02
3136	RHO5	P3B11
3137	MRPL22	P3B11
3138	MSE1	P3B11
3139	BEM3	P3B11
3140	ELP4	P3B11
3141	NOG1	P3B11
3142	SRP54	P3B11;P2E08
3143	YDR421W;YDR421W	P2E08;P2B08
3144	EGH1	P2E08
3145	MIT1	P2E08
3146	ACA1	P2E08
3147	SAE3	P2E08
3148	DPB11	P2E08;P1C04
3149	MRPL31	P2E08
3150	UGP1	P2E08
3151	NUP53	P2E08;P2C06
3152	CPR8	P2E08
3153	BUB3	P2E08
3154	POS5	P2E08
3155	MRPL40	P2E08
3156	BNA4	P2B08
3157	SFA1	P2B08
3158	PSP1	P2B08
3159	CDC4	P2B08
3160	SIP2	P2B08
3161	RPL26B	P2B08
3162	COG2	P2B08
3163	SMC3	P2B08
3164	GLG1	P2B08;P2C02
3165	SPE4	P2B08;P2C02
3166	TRM12	P2B08
3167	HXT2	P2B08;P3E02
3168	GAT2	P2B08
3169	SIW14	P2B08
3170	ARK1	P2B08
3171	DSC3	P2B08
3172	YTM1	P2B08
3173	CDS_XV_970164_971480;CDS_XV_970164_971457	P2B08;P2G09
3174	DIM1	P2B08
3175	XBP1	P1E09
3176	SEH1	P1E09
3177	NUP120	P1E09
3178	CSL4	P1E09
3179	TFC3	P1F05
3180	PSY4	P1F05;P2C02
3181	COS2	P1F05;P1F05
3182	LYS21	P1F05
3183	VAM6	P1F05
3184	RSM24	P1F05
3185	RPP2B	P1F05
3186	TPM2	P1F05
3187	JHD1	P1F05;P2C06
3188	IOC3	P1F05
3189	PAL2	P1F05
3190	DOA1	P1F05
3191	UFD4	P1F05
3192	ECM9	P1F05
3193	HBS1	P1F05;P2C02
3194	MSL5	P1F05
3195	TRM9	P1F05
3196	PFK2	P1F05;P2C06
3197	SNO2	P1F05
3198	CDS_XIV_97203_101165	P1F05
3199	AAH1	P1F05
3200	NAF1	P1F05;P3E02
3201	ATP23	P1F05
3202	HST3	P1F05
3203	TBF1	P1F05;P3E02
3204	RIB5	P3E11
3205	NUS1	P3E11
3206	TSR1	P3E11
3207	ADK1	P3E11
3208	COI1	P3E11
3209	DYN2	P3E11
3210	RIB3	P3E11
3211	MAM33	P3E11
3212	PHM8	P3E11;P2C06
3213	PAU12	P3E11;P3E11;P3E11;P3E11;P3E11;P1C04
3214	POL31	P3E11
3215	SPC1	P3E11
3216	PCD1	P3E11
3217	TAF13	P3E11
3218	MFT1	P3E11
3219	PFS2	P3E11
3220	TIM23	P3E11
3221	AAD15	P3E11
3222	MSN1	P3E11
3223	ADH1	P3E11
3224	CAT5	P3E11
3225	MEI5	P3E11
3226	SEC17	P2F07;P3E02
3227	VTC2	P2F07
3228	PBS2	P2F07
3229	TTI1	P2F07
3230	MPD2	P2F07
3231	GLN4	P2F07
3232	PGC1	P2F07
3233	CDS1	P3E02
3234	RXT2	P3E02
3235	EXO5	P3E02
3236	FMP45	P3E02;P3E02;P1D03
3237	PRM7	P3E02
3238	DAS2	P3E02
3239	MCM21	P3E02
3240	VHR1	P3E02
3241	AGE2	P3E02
3242	LYS1	P3E02
3243	DOC1	P3E02
3244	LAM4	P3E02
3245	KOG1	P3E02
3246	RCY1	P3E02
3247	OAC1	P3E02
3248	PXL1	P3E02
3249	YLR261C;YLR262C	P3E02
3250	FOL3	P3E02
3251	REC114	P3E02
3252	CUS2	P3E02
3253	PSK2	P3E02
3254	IRC13	P3E02
3255	FSH3	P3E02
3256	YPL176C;YPL176C	P3E02;P1C04
3257	ECM23	P3E02
3258	PZF1	P3E02
3259	MOH1	P2C06
3260	UBX7	P2C06
3261	REF2	P2C06;P2C11
3262	DFM1	P2C06
3263	CYC7	P2C06
3264	AIM14	P2C06
3265	GTO1	P2C06
3266	ASK1	P2C06;P2C02
3267	GEX2	P2C06
3268	ENT4	P2C06
3269	MLH2	P2C06
3270	RIC1	P2C06
3271	ATR1	P2C06
3272	CCS1	P2C06
3273	YMR173W;YMR173W	P2C06
3274	ERG8	P2C06
3275	FCP1	P2C06;P2C06
3276	DUG3	P2C06
3277	IAI11	P2C11
3278	SND1	P2C11
3279	ARO2	P2C11
3280	SNA3	P2C11
3281	OST1	P2C11
3282	TRP3	P2C11
3283	DCW1	P2C11
3284	HOT1	P2C11
3285	SPP2	P2C11
3286	DSF2	P1D03
3287	ORC2	P1D03
3288	TRM7	P1D03
3289	YBR267W;YBR266C	P1D03
3290	LDB16	P1D03
3291	HEM12	P1D03
3292	SDH4	P1D03;P1D03
3293	POG1	P1D03
3294	MEI4	P1D03
3295	MRP13	P1D03;P2G09
3296	NOP7	P1D03
3297	GSH1	P1D03
3298	ALT1	P1D03
3299	MIC27	P1D03
3300	RCN2	P1D03
3301	PNT1	P1D03;P2G09
3302	YBL080C;YBL080C	P2C02
3303	CDS_II_221273_222595;CDS_II_221273_222577	P2C02
3304	YPC1	P2C02
3305	YBR263W;YBR263W	P2C02
3306	PPS1	P2C02
3307	EXP1	P2C02
3308	NSE4	P2C02
3309	HXT7	P2C02
3310	VPS74	P2C02
3311	FRQ1	P2C02
3312	LRS4	P2C02
3313	THI5	P2C02
3314	TOS3	P2C02
3315	YPP1	P2C02
3316	RTT102	P2C02
3317	MTC1	P2C02
3318	YJR079W;YJR080C	P2C02
3319	JJJ3	P2C02
3320	MIF2	P2C02
3321	PRI2	P2C02
3322	ERG27	P2C02
3323	DUS3	P2C02
3324	RAD33	P2C02
3325	GID8	P2C02
3326	VTI1	P2C02
3327	TGL3	P2C02;P1C04
3328	RPL18A	P2C02
3329	HRK1	P2C02
3330	TPO4	P2C02;P2C02
3331	RAX1	P2C02
3332	CUP9	P2C02
3333	OPY2	P2C02
3334	CLB2	P2C02
3335	SHR3	P2G09
3336	YFL024C;YFL024C	P2G09
3337	LSB1	P2G09
3338	YLF2	P2G09
3339	NRD1	P2G09
3340	MKS1	P2G09
3341	SHE1	P1C04
3342	EAF1	P1C04
3343	FYV10	P1C04
3344	FAF1	P1C04
3345	HAT2	P1C04
3346	NOP16	P1C04
3347	RRT5	P1C04
3348	TYS1	P1C04
3349	RPN10	P1C04
3350	IDS2	P1C04
3351	RTT101	P1C04
3352	RPL43B	P1C04
3353	DAL5	P1C04
3354	MIA40	P1C04
3355	RIF2	P1C04
3356	ADH3	P1C04
3357	YME2	P1C04
3358	TDA7	P1C04
3359	PRP2	P1C04
3360	SHR5	P1C04
3361	TFC7	P1C04
3362	YOR205C;YOR205C	P1C04
3363	RPL36B	P1C04
3364	COX11	P1C04
