plate	Well	Gen550_s_scaled	Gen1410_s_scaled	Gen5150_s_scaled	Gen10150_s_scaled	Gen70_s_scaled	Gen2640_s_scaled	Gen3630_s_scaled	Gen7530_s_scaled	plate.well	contam	strain	Genes_fixed_10K	focal
P3	A01	-0.018927244572064215	0.06635658919482952	-0.16206636428386534	0.13227025622458535	-0.15590858453358625	-0.07128381729964686	0.02423283294180463	0.07804674287677854	P3A01	blank	blank		False
P3	A02	-0.0366166227950069	0.09060525328834232			-0.09830386508155174	0.020799073871248446	0.023867204822580985	0.03106716743343665	P3A02	blank	blank		False
P3	A03									P3A03	blank	blank		False
P3	A04	-0.0558409873191607	-0.2154790921772653		0.3388970840012043	-0.08385953226103073			0.049113598586534864	P3A04	blank	blank		False
P3	A05	-0.0032117277569486194	0.03803062088185282			-0.04370632095651178	0.05439369068035437	0.12806064643399648	0.038542601579047486	P3A05	blank	blank		False
P3	A06	-0.027778417884314656	0.050018739177566336			0.019974817736290614	0.07234706785983744	0.13129235518572546		P3A06	blank	blank		False
P3	A07	0.01448723010811562	0.046445618390030696			-0.09499389967382277	0.04313313395829636	-0.0017150794515640234	0.06925552225035786	P3A07	blank	blank		False
P3	A08	-0.04395321577167095	0.03226987329016971			-0.0424938770652662		-0.1421592880686609	0.08102748303917884	P3A08	blank	blank		False
P3	A09	0.011403449636771666	-0.014355797315221762			-0.0712648409845066		-0.22152230938828174		P3A09	blank	blank		False
P3	A10	-0.005136862271629857	0.03011794149545452	-0.040687126044542256	-0.009437483217101798	0.0035292757354338233	-0.08207173640006214	-0.17243582272869035	-0.09943826878208932	P3A10	blank	blank		False
P3	A11	-0.062396762151973616	0.08739225889291173		-0.07233876844530307	-0.03833108010116256				P3A11	blank	blank		False
P3	A12	-0.06570324697730881	0.030077749957493537	-0.014368948639893126		0.19656826417277504	-0.2258620520498701	-0.2445941533670077	-0.09758309826911506	P3A12	blank	blank		False
P3	B01	-0.00899056651218625	0.004267830751454024	0.041379453115142996		-0.2431914353564616	0.0011687361811694096	0.02343229034855413	0.07880772508949987	P3B01	blank	blank		False
P3	B02	-0.02136626167952465	-0.004855552037199971			-0.1760113978480055				P3B02	blank	blank		False
P3	B03	-0.07164039080676851	0.01837308125903927			-0.2346365620251884				P3B03	blank	blank		False
P3	B04	-0.029443804535760044	0.0071147066214776455			-0.277443154388365				P3B04	blank	blank		False
P3	B05	-0.038591884768795805	-0.0026219372682022915			-0.19601820492839628				P3B05	blank	blank		False
P3	B06	-0.07029939243788183	-0.02343369697325581	0.043172197985202346	0.11320215352685087	-0.1219882861651636	-0.012807903374983984	0.04026567350530104	0.0911119294094233	P3B06	No	a		False
P3	B07	-0.012477209949699536	0.004785859726198612	0.05776489235670551	0.14769122123023498	-0.053985607192419946	0.003765327741920187	0.035366919718944345	0.1241815394835864	P3B07	No	diploid	R0020C:R0020C:TAT1:RDH54:FTH1:ADY3:YPD1:DHH1:RPO21:AHK1:NAT1:PDC2:HEM1:TFB1:PEP7:SEC20:SLF1:HPM1:NPP2:ARB1:MET6:GLC7:SMC2:YGL234W;YGL234W:CHC1:ATG1:AMS1:RSM23:SCY1:HSF1:SMI1:OCA5:NMD2:CDC12:BZZ1:FUR1:HXT8:CBP1:UTP10:HCA4:TMA22:RSF2:nan:VPS1:NUP133:GPI13:SPA2:SPT8:REA1:CCW12:SEC10:OST6:SPT21:VNX1:KRI1:MON2:KEX2:YGP1:FAP1:NOG2:FRE7:GRE2:nan:nan:GLO4:FAA1:FRE5:GAL4:PCL8:GIP3:MOT1:PDR12:SMK1:PRP4:SEC23	True
P3	B08	-0.04736732516747502	-0.003123270134209273	0.07768301071522513	0.12909517457522898	-0.05282849787294412	-0.008923482626238488	0.027049550821764943	0.07641832726750211	P3B08	No	diploid	R0020C:R0020C:GEM1:MEC1:PHO87:nan:RPO21:CCC2:ITR1:BNR1:MND2:YPS6:SIT1:GLN3:nan:nan:SKI8:SKI8:ROG1:PFK1:ERV29:NMD2:STE12:HXT5:nan:RSF2:LOS1:nan:nan:RAD5:HAP1:VRP1:CRN1:YRF1-4:MSN2:NAM7:AIP1:LCB1:CAF120:ATG4:ALG9:THO2:COG5:IRA2:RCL1:PNS1:nan:ELP3:YTA6	True
P3	B09	-0.03952454618689257	-0.020703942711345232	0.09955481755095777		-0.06457736824262474	0.01932811393060967	0.08125877889003846		P3B09	blank	blank		False
P3	B10	-0.03851938933195367	-0.02671791888787241	0.18417549027063315	0.2618601266970221	-0.06278366643573349	0.13420611102179802	0.1415155885063688	0.1636365854062256	P3B10	No	diploid	R0020C:SEF1:AGP2:IRA1:ELO2:nan:HO:TIM22:MKC7:nan:SVF1:SIM1:nan:FLO11:URA3:VAC8:FCY21:TOG1:nan:nan:nan:nan:MDS3:AMS1:SCM4:ASN2:CBF2:nan:SLH1:TDA3:PHO12:GZF3:BCK1:ACF4:PCK1:BAS1:nan:nan:nan:YLL002W;YLL002W:nan:CCW12:CCW12:ACE2:SPO77:EAR1:ZDS1:ATP11:POL2:RAS2:nan:nan:INP54:MDM38:NOB1:YOR128C;YOR128C:MTR10:MYO2:ATF1:NEW1:PPQ1:DAP1:REV3:FRK1:ISU1:VTC3:ANT1	True
P3	B11	-0.06188962271394526	0.0008306476720078074	0.0641580228972651	0.13420719952838805	-0.1105736936855619	0.003451533021080269	0.05437114205359976	0.10266280134820173	P3B11	No	alpha	R0020C:GIP4:PIM1:ACH1:KAP104:FUR4:MCX1:BUD3:ADP1:RAD18:ADY3:GYP7:VMA1:nan:CDC48:NPC2:ARP2:YOS9:PDC2:PLP1:MTH1:RTT103:OMS1:SNX41:IMP2':RRD1:CHO1:MET13:NMA2:ADE6:YTA7:TRM5:OSH3:KIC1:DNA2:CDC23:SSY5:LCB3:URB2:UTR1:YPK1:BCH2:SPO14:UTH1:RNP1:HSP104:DPS1:SND2:RFX1:VIP1:HMG1:YAP1:MOT3:TRM732:KRI1:POP1:RHO5:MRPL22:MSE1:CKA2:PDR5:ABP140:SSP2:BEM3:ELP4:NOG1:ICL2:SDD4:SRP54	True
P3	B12	-0.06089499988446841	-0.019423999620180828	0.054785494161291366		-0.06977007312468687	-0.06045411436263064	-0.04655483559182026	-0.01699623920713604	P3B12	blank	blank		False
P3	C01	0.10758281848460473	0.12058685080793954	0.12931939847033855		0.027317013929820604	0.0949172592886982	0.12754690124732532	0.14815885372196685	P3C01	blank	blank		False
P3	C02	-0.05472388126154245	-0.01597341577690231	0.05637427145591677		-0.2429644558041646	0.013627305638153429	0.04174805543402423	0.10503923075724336	P3C02	blank	blank		False
P3	C03	-0.08900385114960366	-0.023880938344155604	0.05765626801977825	0.12815196081185762	-0.18349443334131735	-0.0009129911471086051	0.042788119891186895	0.08509298060081565	P3C03	No	a	FLO9:CDS_II_29934_31226:RKM3:HMT1:CSG2:REB1:RAD16:TPS1:MBA1:TAF5:PYC2:nan:nan:SHM1:SSH1:PGS1:nan:PWP2:ABP1:AIM6:GYP7:WHI4:nan:RPC53:nan:USO1:MBP1:DBP10:SLX5:EHD3:NUM1:HRQ1:PEX3:YPQ2:TRR1:TRS120:SIZ1:RPN9:RPN2:SNP1:RGI2:SNL1:AIM21:YAP5:FLO11:RMD6:YEL067C;YEL066W:GEA2:VAC8:GPA2:RPN3:MET6:nan:RAD3:SAP155:FLC3:GPG1:PRM8:STF2:ADE6:PEX8:CBF2:PUP2:RAD2:STE12:SBE22:SBE22:SBE22:GGA2:DNA2:FMO1:OYE2:IMD2:SWI3:LCB3:EXO70:TAX4:ARG2:MHP1:ANB1:GRR1:HIR3:DAN4:OXP1:RPT1:CWP1:RGT1:GMH1:NFT1:HSP104:RAD5:SUL2:REA1:CCW12:TML25:APC2:NHA1:ACS2:MSC3:IMH1:MMS22:TMA10:FKS1:RSC2:SEN1:ATG23:NAB6:RPM2:TUB1:nan:RCO1:nan:YTA12:CTF13:nan:DNF3:DDR48:DDR48:SGS1:ESC1:GTO3:DYN3:ADE4:FKS3:MON2:BOR1:nan:nan:nan:RAS2:FKH2:SUN4:VAC7:SFB2:SMM1:COQ2:BSC5:MDH2:MSB4:PKH2:RFC4:SMC5:SIN3:TIR4:RTS1:MSA1:CMR2:INP53:INP53:MED4:RUD3:HER1:TRE2:GNT1:nan:NEW1:TPK2:nan:GDE1:MFM1:KTR6:AIM45:AGC1:ATH1:nan:RGC1:nan	True
P3	C04	-0.028197684233686925	0.01080626743722513	0.09038885966675696	0.14699260486727636	-0.14212079251958548	0.02480824627249848	0.07630286597841117	0.1295169428940379	P3C04	No	a	PKC1:SEA4:ILS1:SSA3:PIM1:COS111:THI2:RIF1:RIF1:HIS4:ADP1:RDS1:RPL35A:nan:nan:GPR1:SOK1:DET1:nan:ARO1:SAC3:SNU56:MNN10:VHS1:SRP101:MRPL35:ATP17:DOT1:NHX1:JIP4:URC2:HOS4:YIL082W;CDS_IX_205638_206488;CDS_IX_205638_206487:nan:YPS6:ZRG8:ZRG8:SLX8:UBP3:SPT2:RIM15:PHO4:nan:IRC7:XRN1:GPI10:PRP43:YGK1:PGD1:PDR1:MUP1:ADE6:BNS1:YTA7:ARN2:ECM29:RIM101:NPR3:ETP1:STE12:CTM1:MSH1:KEL1:PTH1:HXT9:LAA1:LCB3:LCB3:OSM1:MNN14:MNN14:BIR1:COY1:ZRT3:YJU2:MBR1:ESL2:PSR1:SFI1:RPL10:KIN2:REA1:VTA1:PWP1:HMX1:GSY2:MET17:STE11:NUP188:TAF11:SPT5:nan:SEG1:PGM2:INP2:INP2:nan:PRM15:ATR2:CAF120:CAF120:BNI1:POL2:MGS1:nan:UBP10:PGA1:THO2:MKT1:ACC1:BRE5:PUL4:DSE4:COS10:HPF1:IRA2:INP54:TSR4:ARP8:PDR5:GAC1:HER1:GPB1:DIP5:SSE1:PNG1:CHL1:LSP1:CSR2:MRL1	True
P3	C05	-0.060754539500035426	-0.023819840679737785	0.049106221503683004	0.10678318747742672	-0.2947817264957139	0.0007076150876775614	0.04368480965747447	0.0890223929757012	P3C05	No	a	GPB2:TPD3:FUI1:FIG1:FIG1:ROT2:MRPL37:CTO1:WHI4:PRR2:ACK1:GLT1:UGA3:SRF1:BUG1:RPL13A:EKI1:SLY1:RAD34:DIT2:TRS120:NIT1:BNR1:SDS3:HOP1:PIG2:PKP1:MGA2:YAT2:HIS1:NUP157:SAK1:RGD2:LAM5:BLM10:IME4:FLC3:RSM23:AFT1:PKP2:PUF4:PMC1:UFD1:ADE6:CDS_VII_707917_708766:GPC1:UBR1:FYV8:ADE3:MAL12:ECM29:OCA5:nan:nan:SSZ1:HXT5:SFB3:TRA1:RPL42B:REC104:UBP12:DAS1:LCB3:LCB3:ASF1:SRS2:SRS2:ALY2:TAX4:ARP4:MHP1:LIA1:MOG1:nan:nan:IML1:KKQ8:VMA5:DBP7:UTH1:DYN1:TRM2:TRZ1:ATG10:SPA2:SPA2:KIN2:AVL9:ACF2:RRT15:RRT15:nan:IRC20:STT4:IMH1:CDC25:NKP2:YLR347C;YLR347C:STE11:YLR362W;YLR362W:STE23:STE23:VIP1:nan:HMG2:SST2:FMP27:nan:USA1:YML005W;YML005W:STB4:MIH1:ARA2:YPK2:RAD50:NAR1:NAR1:SQS1:nan:NCS2:LEU4:nan:FAP1:nan:CDS_XV_36821_38566:NUF2:AHC1:ADE2:YRR1:RDL1:GPB1:PBI1:IQG1:NAB3:RTC6:POC4:CHL1:APL4:SEC8:nan:TPO3:QCR2	True
P3	C06	-0.03427043540439157	-0.014914243164312162	0.03702376070065088	0.11025521595858452	-0.09821061491280138	0.000850327190312139	0.04984647591746762	0.08541897053546317	P3C06	No	a		False
P3	C07	-0.023017771936332164	0.008568693205963221	0.10879029367282396	0.1630264611249969	-0.029413743239114963	0.014951945487510524	0.10254236046802297	0.13431327385040345	P3C07	No	diploid	R0020C:R0020C:FUR4:UBP14:RDH54:RPG1:PHO3:EXO84:SHE3:TYR1:BEM1:MTC4:PTC6:CDC39:COS7:LRG1:ENT1:SNA4:PHO2:USO1:MBP1:PBP4:MTF2:PUS9:YDR058C;YDR058C:SWF1:YCF1:SVF1:MRP20:ESL1:PAN1:PAN1:PAN1:FLO11:NPP2:AQY3:MIL1:ADE5,7:CAF130:CBF2:nan:SNF6:MRPL6:SRS2:nan:RAD26:TTI2:PXA2:PRS1:UTH1:FRE6:HSP104:CSF1:YPS3:ACE2:SEC10:APS1:IFH1:UTP21:nan:RRN11:FAR8:MMT1:ATG2:LAP3:KEX2:KEX2:JJJ1:nan:NPR1:FMP41:nan:ALG12:DIA2:IAH1:nan:nan:NEW1:TFB2:RPA135:AGC1	True
P3	C08	-0.008672730657213128	-0.0034790988025061795			-0.035500829845998075	0.043472417284234566			P3C08	blank	blank		False
P3	C09	0.017307696610233368	0.04406763364890872	0.12480113348257617	0.17840093045526728	-0.033220246472826814	0.0639586874405296	0.10636127311462126	0.14909211262057748	P3C09	No	diploid		False
P3	C10	-0.01281118339449066	0.040515356482895455	0.12396851184293504	0.15316104689035606	-0.05667706267967676	0.05938523930478321	0.10673730027754642	0.13784420846348827	P3C10	No	diploid	LTE1:MDM10:FLO1:UBP14:BAP2:TFC1:SRB8:nan:GLT1:nan:nan:STE5:SEC5:HSP78:EXG2:GIC2:ARO10:PUF6:CAB1:GVP36:GLY1:ALD5:ADE5,7:nan:TFG2:MSB2:CIR1:ERV29:TRA1:GRE3:GLG2:SRS2:ZAP1:ZAP1:IRC8:RAD7:nan:nan:CAB3:URB1:PRP40:AUR1:MIC60:PLN1:HSP104:PAM18:PSR2:MEF1:GEP5:KIN2:MCM5:NIT3:CCW14:FPR4:TAF8:ARG81:TDA9:AIP1:SAS2:ROT1:RKR1:BUL1:PRC1:nan:YNL030W;YNL030W:ATG3:AGA1:PET494:nan:IRA2:EFT1:ISW2:PDR10:HSP33:KAP120:SDD4:nan:nan:TPO3	True
P3	C11	-0.06772062115536695	0.0026804913395806554	0.07336299971440516	0.12297138831682305	-0.15605467097012432	0.030757857266563236	0.058811533666434324	0.09276218457813687	P3C11	No	alpha	R0020C:HTA2:PCS60:SNF5:RRP43:FUB1:CDC48:TRS85:nan:RPN2:HXT13:nan:YCK3:BEM2:MSH4:MTC3:RRT6:PKP2:ADE6:AMA1:SMI1:PHO81:nan:RSC30:YHR084W;YHR084W:TRA1:BZZ1:BZZ1:LAM1:DNA2:PPX1:SWI3:SSY5:LCB3:SRS2:ALY2:CYR1:SSC1:ACF4:BUD4:nan:RQT4:nan:HSP104:CFT2:nan:nan:CDC73:IOC4:RRP5:ADE4:RIM21:RPA49:CRS1:APC1:SWM2:COS10:LCB4:HER1:nan:RKM1:SEC16:ARR3	True
P3	C12	-0.016708977284835863	0.01832621092672664	0.1187338997754715		-0.0695898069519853	0.04027150960867107	0.08473497449676247	0.13642137482474187	P3C12	blank	blank		False
P3	D01	-0.0602465631477852	0.0051007846604399715	0.05264431966702182		-0.14294131635717616	0.013059497444177995	0.05009964953801973	0.10377975201790987	P3D01	blank	blank		False
P3	D02	-0.06030722635041848	-0.0007106058326202327	0.03530382216636082	0.12053506556485223	-0.1878378463239838	0.0190518294221204	0.038035859634721315	0.08810415533003874	P3D02	No	a	PAU8:FLO9:GPB2:OAF1:LTE1:FLO1:ECM21:PIM1:IST2:GRS1:nan:SSH1:nan:MAL32:HIS4:ADP1:CPR4:WHI4:DHH1:RPC11:MAK21:FOB1:COX26:HOM2:RKM4:HSP78:nan:SPP41:SAM2:MLP2:AXL2:MOB1:MOB1:SGN1:MND2:SIT1:CHO1:ZRG8:KRE29:FLO8:COM2:AAD6:FET5:FAR7:CNN1:ADE5,7:POX1:CUL3:BTN2:ZPR1:SLI1:PHO81:BRF1:ERV29:BRL1:NCP1:OSH3:KSP1:RPF1:HXT4:SET1:nan:MDM31:CBP1:ACO2:JJJ2:NCA3:MDV1:SRS2:SCP160:RSM26:FAT3:PMU1:PRR1:CDC16:nan:RNP1:PSR1:nan:nan:ATG26:PNP1:RCK2:STE11:SPP382:SPP382:LEU3:nan:MDM1:TSL1:SRC1:nan:NAM7:RGM1:KRE1:VNX1:ALP1:nan:EFM6:PUB1:ACC1:SNF12:BIO3:APM4:RPO31:RGA1:SMP3:GAC1:SSP2:COT1:PDE2:PDE2:NDD1:nan:CUB1:TCO89:AIM44:ARP7:LTP1:RPN7:nan:ATG13	True
P3	D03	-0.06691632874828078	0.04030235252343064	0.0931006732473504	0.14303435772086154	-0.1984066076822048	0.034463953308842686	0.08234350573445164	0.11269714919407076	P3D03	No	a	R0020C:CNE1:ATP1:SSA3:TOD6:APL3:EDS1:PRP6:TBS1:CNS1:TSC10:MAL32:BUD3:HCM1:COS7:nan:MRK1:LYS14:NUM1:NBP2:ADR1:ZIP1:PRO1:YCG1:RGA2:RPN2:PIG2:VID28:MCM3:HIS1:GDI1:ADH4:ADE5,7:MRF1:DBP3:SCL1:NUP57:SKN1:PBP1:YTA7:ERV29:DED81:DOG1:DOG1:DOG1:OSH3:IRE1:KSP1:YHR084W;YHR084W:NAM8:DMA1:SRS2:TPH3:ANB1:TOR1:VPS25:APE2:URA6:SPT23:UIP5:OMA1:MLP1:ESL2:AQY2:SDH2:VPS13:CDS_XII_112848_115994:FMP25:SIC1:GSY2:NMD4:STE23:STE23:SFP1:VIP1:UTP14:SEC14:SNZ1:nan:nan:TDA1:nan:RCM1:ARE2:WSC3:HMI1:IRA2:NUF2:TCB1:YRR1:SLK19:STE4:DFR1:NEW1:GUP2:GLN1:YMC1	True
P3	D04	-0.00031241147982778017	0.013214973738319973	-0.006270467696140279	-0.006632094562351913	0.01853885628008018	-0.021082663997897263	0.007496570438446632	-0.004952762720629549	P3D04	blank	blank		False
P3	D05	-0.037408065420074056	0.008357665709915016	0.10902729421001163	0.15571744025175085	-0.0978958693793138	0.043854719017627344	0.09867950374878427	0.1260108817480259	P3D05	No	a	MYO4:ECM21:SAS3:IPP1:GRX7:YRO2:SEC18:MEC1:IRA1:EHT1:COS111:nan:ROT2:DUG2:EMC1:LEU2:nan:SNF3:SNF3:SNF3:CDC36:SRF1:ENA1:TRM1:MTC5:DOP1:STB3:HRQ1:SUR2:SUM1:ATP22:ESC2:DIT1:PDR15:TOM1:TRS31:SNF1:CDS_IX_19847_21220:POT1:QDR2:SLM1:HOP1:ARG5,6:NUP157:nan:nan:nan:FLC3:TRP5:PPT1:XKS1:PHO81:MIC26:RIE1:SLH1:OCA5:HSE1:SSZ1:YHR084W;YHR084W:TOM71:YCK1:PRP8:nan:MNL1:RPL17B:SRS2:SCP160:NUP192:IBA57:HIR3:BAT2:STE6:MCD4:SEG2:MMO1:IRS4:NUP133:AYT1:HSP104:SDO1:MNL2:LAM6:nan:LIP2:HAP1:PIG1:RPL31B:CDC73:nan:RAD10:UFO1:TUB1:TSA1:UNG1:PDS5:YTA12:PKR1:ALD2:nan:SKY1:TRS130:RKR1:YKU70:JNM1:nan:DSL1:ATG2:ATG2:UBP10:THO2:nan:DCP2:HEF3:HRB1:FPK1:nan:HPF1:ARG8:nan:nan:DIS3:TAT2:TAT2:SHE4:RPL3:GCY1:IDH2:YRR1:GET4:MGM1:DFR1:SNF2:PDR10:FRE3:MDL2:KEL3:HFI1:MMT2:SRP72:KAP120:SUR1:nan:CMR3:AGC1:nan:ISR1:MRD1:KRE6:YPR160W;YPR160C-A:GPH1:SGE1	True
P3	D06	-0.12968543638162722	-0.06639638188969924	0.022923455936900768	0.08021892446583315	-0.2418430083530544	-0.045287269011414735	0.008824889702453476	0.05956877366869962	P3D06	No	a		False
P3	D07	-0.027457250800441774	0.0072545984693176			-0.02895198011654516	0.06851732677362109	0.11816101726344527		P3D07	blank	blank		False
P3	D08	-0.03244621153015926	-0.011910188342551337			-0.023891531034359988	-0.01187293334833383	0.03750882077838076		P3D08	blank	blank		False
P3	D09	-0.02414234410824454	-0.00023905037434438636	0.11844509406336805	0.18868508390756464	-0.026955611467657	0.06895174031708406	0.11621717925511335	0.16800707247168128	P3D09	No	diploid	R0020C:R0020C:DRS2:FLO1:MNN2:FAT1:ECM2:CYC8:IRA1:TYR1:VHC1:PEX19:TGL2:CDS_IV_981252_982568;CDS_IV_981252_982544:nan:nan:TFB1:TRP4:YPR1:PPZ2:nan:GNP1:PFK26:EPS1:MSL1:nan:FLO11:nan:YEF1:YAT2:DNF1:FET5:EPL1:BUD27:PTR3:MSB2:RSC1:ENV11:UPF3:MRPL9:SLH1:YOR1:ARN2:PUT2:NMD2:KSP1:KSP1:HXT5:DNA2:PRP8:NMD3:ACO2:SRS2:ARG2:ESS1:TES1:UTR1:CDC11:JHD2:VPS70:CTK1:MPE1:SIR1:NFT1:GAA1:IOC2:REX3:YPS1:YPS3:RED1:RPL26A:TUB1:OGG1:nan:YAP1:ERG5:MYO5:HFD1:ADE17:nan:CIK1:EFR3:ZRC1:ADE4:MGS1:nan:ACC1:PUL3:TRM11:TSR4:IRC10:DNL4:HIR2:RIO1:SNF2:PMT3:MNE1:NDD1:VIK1:nan:RTT10:PEP4:RDS2:RGL1:SUR1:SSN3:CTF4:KRE6:ORC4	True
P3	D10	-0.03886913401015201	-0.03669726736530992	0.11414206493075008	0.15240224447746695	-0.04455025606335776	0.013047224282908632	0.09019003077497152	0.14069333800352296	P3D10	No	diploid	R0020C:R0020C:nan:PKC1:CDS_II_29934_31226:TEL1:RRN6:GPI18:CCZ1:GIT1:PPH22:PAR32:RPN6:CCT6:AKR1:CDC40:NKP1:ESL1:RNR1:YOS1:KAP123:COX15:ADE5,7:OST5:USE1:HSF1:YGL014W;YGL014W:RSC1:RSC1:nan:SOL4:SLH1:EFM1:ARG4:nan:YCK1:LCB3:SRS2:nan:RNR2:BBC1:CCT3:MNN14:MOG1:EBP2:GMH1:HSP104:ORC3:MLO50:CCW12:DIP2:PDC5:RRT15:CSC1:CDA1:AFG2:TCB3:PEX9:ESC1:PEP5:RNA1:GPI12:SKO1:POL1:nan:CRZ1:nan:LST8:SIN3:ELG1:GAC1:MSB1:ISW2:YOR372C;YOR372C:HSP32:PLC1:GAL4:TYW1:YTA6:AGC1:SRO7	True
P3	D11	-0.09502307114049632	0.009090459217055723	0.08310221487295033	0.12536321287618282	-0.19759246949934434	0.038751777415258926	0.06339730704287617	0.08955261796148292	P3D11	No	alpha	R0020C:FLO9:FLO9:FLO9:nan:PIM1:CHS2:MEC1:IRA1:SHM1:nan:HO:CDC13:ASF2:YDL159W;YDL159C-B:VCX1:UBP1:NPC2:DBP10:OSH2:STE5:INO2:ARO1:VPS64:GCD6:YSP2:MUS81:SAC7:SAC7:ERD1:BNR1:QDR2:RPB3:ANP1:SWP82:GSY1:RTF1:MIG2:MCM6:ATG1:FLC3:SCW11:PUF4:TFG2:PEF1:ADE6:ADE6:TPC1:UTP8:TRS65:AMA1:nan:nan:nan:nan:LAM1:DNA2:PRP8:PFS1:nan:RPA34:LCB3:MDV1:UTP18:RSF2:FAS1:URB1:TRK2:GPT2:HSP104:HSP104:PDC1:PET309:CSF1:nan:ECM22:VPS33:nan:AIM33:YPK2:nan:ADE4:SPC98:IRA2:LDS2:MDM38:VHS3:DPI34:SME1:GEP3:nan:nan:nan:nan:ARL3:CIP1	True
P3	D12	-0.04360309213646738	-0.014761298619065256	0.06503492439872217		-0.0590191882305564	0.02828325080832068	0.05451624373109488		P3D12	blank	blank		False
P3	E01	-0.03710223119606528	0.016531079544043602	0.06148215582056407		-0.20739335691829705	0.01812885571516797	0.040594282475715684	0.07968653103998925	P3E01	blank	blank		False
P3	E02	-0.06648307206549381	0.035838288875032966	0.08678725677713417	0.13397298548562178	-0.11154556532001282	0.05323959514242009	0.07068526240624916	0.10669987451574776	P3E02	No	a	R0020C:CDC19:TOD6:SEC17:STU1:CDS1:RXT2:RAD16:EXO5:SSE2:PCH2:SSH1:APE3:SPS22:PHO87:FIG2:MSH3:THI13:SSB1:FMP45:FMP45:RPO21:POL3:MRK1:PRM7:DAS2:TPS2:nan:nan:GCN2:SRP101:HDA2:MCM21:IRC3:ESF1:UBP7:VHR1:AGE2:EPS1:FLO11:LYS1:MAK10:NPP2:PCL6:GDI1:MAG1:PAB1:ECM32:AGP3:PTR3:MNT2:DOC1:YGL234W;YGL234W:ROG1:MET13:nan:APL6:SAY1:ERV29:HSE1:RSC30:NMD2:LAM4:SKG6:DNA2:SPC97:OYE2:KOG1:MNL1:nan:RCY1:LCB3:GSM1:SAP185:SRS2:PTK2:NNK1:OAC1:GFA1:GFA1:SPT23:nan:PXL1:IRC19:nan:CLB4:IRC20:YLR261C;YLR262C:GAS2:BUD8:ROM2:ELO3:VAC14:VIP1:INA1:ECM7:ERO1:ARG81:FPR3:GSF2:USA1:HXT2:MSN2:RNA14:ATP25:nan:FOL3:EPO1:EPO1:REC114:ALD3:ALD3:ALD3:ALD3:TRM732:ATR2:DIA1:EGT2:CUS2:SLA2:SLA2:FMP41:nan:NAF1:nan:NRM1:NRM1:ACC1:MSB4:CRT10:GAL11:PSK2:SIN3:VHS3:VHS3:NOB1:YNG1:NUP1:UBP2:LAS17:STE4:IRC13:FSH3:YPK9:MUM3:CIR2:HSP82:BMS1:YPL176C;YPL176C:TRE1:TBF1:SSE1:RLM1:ATP4:ECM23:MCM4:KRE6:TIF3:TIF3:TIF3:PZF1	True
P3	E03	-0.01954366684431085	0.009068246422825915	0.059776014669074576	0.11578463059640424	-0.1861846382129157	0.031964450935332726	0.085488122983006	0.10861882833157507	P3E03	No	a		False
P3	E04	-0.030981036471858923	-0.02185647630953546	0.057904629885416566	0.10645147229880897	-0.18204464068545406	0.0022204173340331992	0.059892422653798474	0.0884121191288791	P3E04	No	a		False
P3	E05	-0.08638733117712544	-0.010211018442951835	0.062078255779965265		-0.07080033571779022	0.016622463890877508	0.06518200617013294		P3E05	blank	blank		False
P3	E06	-0.07184552664844167	0.027153290889147263	0.0650280750980659		-0.18396039431514535	0.045760611765053805	0.07637345099543164	0.09813922634961474	P3E06	blank	blank		False
P3	E07	-0.043115906816125725	-0.11701661721167887	0.1615075873175842		-0.013358892082459444	-0.0019404771136508968	0.0448817417048495		P3E07	blank	blank		False
P3	E08	-0.03089404940173395	0.02321267390618113	0.09812986746803813	0.14602948350995246	-0.016291386775563847	0.015370654011321509	0.05886329539850285	0.13295035533124694	P3E08	No	diploid	R0020C:R0020C:CLN3:TEL1:RPG1:SPT7:PGI1:PYC2:SHG1:RIF1:DUG2:ADP1:SSK22:PHO13:RPL31A:LYS14:IPT1:AFR1:MSS4:CDS_IV_981252_982544:PFU1:ARH1:EMI2:ALD5:BEM2:PUG1:nan:ADE5,7:GCN1:ROK1:nan:PYC1:PEX8:ERV29:nan:PRS3:MTC6:UTP10:LSB6:SRS2:MRPL8:MTR4:CHM7:nan:TOR2:NNK1:AVT3:MRT4:VBA5:YLL066W-B;YLL066W-B;YLL066W-B;YLL066W-B:YLL066W-B;YLL066W-B;YLL066W-B:HSP104:POM34:AAT2:CCW12:nan:RRT15:IDP2:STB4:NIP1:MET2:SIN4:KAR1:TEP1:TOP2:COG5:SSK2:LYS9:SPT20:nan:IRA2:AUS1:TRS33:THI80:DCI1:STE13:MCP1:COX10:PEP4:LEE1:ERG10:MET12:ATH1	True
P3	E09	-0.04233784018391826	0.0434281219181413	0.1197644103432942		-0.009481642549432729	0.05356781918694219	0.0997778675115588		P3E09	blank	blank		False
P3	E10	0.007574778848568019	0.027646951402801538	0.1254846072074982	0.13915948258715494	-0.027973246986568917	0.06844127347453602	0.10771373230842428	0.14910876875653456	P3E10	No	diploid		False
P3	E11	-0.04792820908932648	-0.030265389046664943	0.06052722153298073	0.1388730863288184	-0.13708729794609215	0.00874147191920153	0.04493249115492648	0.10014969357853404	P3E11	No	alpha	GPB2:GIP4:DTR1:RIB5:nan:ADP1:SNT1:SED4:ATG15:GIT1:AIM6:HO:NUS1:STE7:RPO21:UBX3:TSR1:STE5:SEC7:UBC1:ADK1:nan:XRS2:COI1:RPT3:DYN2:NHX1:RIB3:ESL1:KGD1:MAM33:PIG2:PAN1:CIN8:PHM8:PMD1:SPT2:DNF1:nan:FAB1:KAP114:VAM7:MSB2:MSB2:UBR1:nan:nan:ERV29:PAU12:PAU12:PAU12:PAU12:PAU12:OPT1:LAA1:UBP12:SMT1:LCB3:URA2:SRS2:MHP1:MPS3:POL31:SPC1:TOR2:MDH1:NUP100:AYT1:nan:UBR2:FRE8:PCD1:TAD3:ILV5:TAF13:SMA2:MFT1:FDO1:HFA1:ADE4:PFS2:DSL1:NAR1:APC1:DCP2:DCP2:CYB5:TIM23:HOL1:AAD15:MSN1:ADH1:CAT5:RPB2:CLP1:PDR10:TPK2:MEI5:MCO76:BRO1:MUK1:SUR1:nan:TKL1	True
P3	E12	-0.027187330647885317	0.03695596047700397	0.11159102835539222	0.15261369146092224	-0.04180023130664631	0.031150328360840425	0.0723098851743643	0.11202664893066352	P3E12	No	diploid		False
P3	F01	-0.050183061724707434	-0.012035513405017954	0.04878847929851903		-0.17874002676316958	-0.005287082907507496	0.04017813465816001	0.07917200494334553	P3F01	blank	blank		False
P3	F02	-0.004640741742115102	0.017504314055385287	0.06587273562701633	0.1353460711906526	-0.21512909211673376	0.033909470152346605	0.07304495490565753	0.10908699147523578	P3F02	No	a		False
P3	F03	-0.07668312326579435	-0.03150985722269264	0.056283133356918	0.12341847762782765	-0.0722604303602859	0.01848561922606301	0.057723452526767326	0.09032388681640904	P3F03	No	a	RBG1:FUN12:SRO77:SEF1:SEC18:SIF2:PYC2:nan:SSH1:STE50:SNT1:TAF2:HCM1:HCM1:nan:SEC31:LYS20:LYS20:UGA3:RPL13A:nan:PBP4:PBP4:ERP3:RAD57:ARX1:RGP1:CDC1:CCT6:MSC2:CDS_IV_878449_882411:GCD6:RAD9:HEM1:RAD34:HKR1:HKR1:HKR1:HKR1:nan:TFB3:PUF6:STL1:FDC1:CSS1:BNR1:VHS2:EDC3:MXR1:CHD1:DDI2:YFH7:ADE5,7:AMS1:SEC27:SPT6:UBR1:CRM1:nan:RIE1:NOP19:SLH1:EFM1:MIP6:YNG2:GRE3:RTT107:YAP1801:DNA2:DNA2:THP2:MNL1:SKN7:ACO2:LCB3:NIT2:RPE1:CDS_X_198677_198997:BCK1:SRS2:ALY2:VPS53:RRN7:VPS55:FAS1:PRS1:SRP21:MTC2:UTH1:MLP1:VPS13:nan:HSP104:SPC3:DPH6:THI7:GSY2:GSY2:ROM2:CTF3:SWC7:UTP21:nan:nan:SEN1:LEU3:ERO1:nan:TDA9:nan:SOK2:STB2:ISF1:SIP5:MME1:ALD3:ABZ2:ABZ2:ATG2:ATG4:MGS1:CUZ1:POL1:PHO23:nan:ALG11:SPT20:SDD3:PHM7:HST1:nan:RTS1:DIA2:OST3:DGA1:YPK9:MUM3:MLH3:RAD53:PDR12:ERG10:SRO7:ERV2:YTH1:CTF4:MET16:nan	True
P3	F04	-0.05217351716964493	0.007670953976765774	0.07040669727515544	0.11046382283007498	-0.19404531132698505	0.01980503837963889	0.06713326440485112	0.10168184408841004	P3F04	No	a		False
P3	F05	-0.03208772389108739	0.04251229077736179	0.11468351436494305	0.14453521149635132	-0.0985505108618447	0.06268293220920948	0.1138272070462292	0.12534589367781024	P3F05	No	a	LTE1:PSK1:GAL1:POA1:TEC1:IRA1:LDH1:MAL31:ADP1:PWP2:PAU3:DHH1:TRM3:NPC2:SIR2:FIN1:SCC2:UPC2:SUM1:TRR1:URH1:URH1:SIZ1:HEH2:PHO8:nan:nan:MLP2:HPM1:SLM1:nan:GVP36:PAU15:DSF1:EDC3:ZRG8:PCL6:FLO8:EMP65:CCA1:BRR2:AQY3:YFL047W;YFL047W:HXT10:MSH4:MIN10:HFM1:PDE1:ADE5,7:SPT16:BUD13:XRN1:YRB30:PYC1:LEU1:GSC2:LST7:ENV11:CDS_VII_707917_708766:MGA1:CAB4:ERV29:YHR084W;YHR084W:SBE22:DNA2:PPX1:MNL1:LCB3:SET4:SRS2:CHM7:HUL4:TOR1:JSN1:YMR1:HOM6:FAS1:nan:TFA1:CCE1:nan:MRPL13:TRZ1:MMP1:THI73:SSK1:RAD5:BOS1:MDL1:HAP1:GSY2:YCS4:YSH1:ATG39:NMD4:ART10:RPL31B:MDM1:NUP188:HMG1:POB3:EIS1:CSM3:ARG7:nan:LDO16:CIK1:DFG5:HAS1:ADE4:BOR1:YNL267W;YNL267W:DSL1:nan:CBK1:MTQ1:SFB2:FAP1:LRO1:ABZ1:nan:THP1:nan:TIR4:NRT1:SFL1:SPR1:ULS1:MCA1:PMT3:PRO2:VTS1:NEW1:IPL1:RKM1:PXA1:MRP51:LGE1:MRX11:ISM1:YTH1	True
P3	F06	-0.05127204099936094	-0.09079168219424012	-0.10595091666628426	-0.11272087521854915	-0.014744264036789837	-0.12572933763371694	-0.1122935969002911	-0.12332429961291527	P3F06	blank	blank		False
P3	F07	0.001179249565126925	0.01733319315048626	0.10642564796327364	0.1401318562761411	0.00197332262938936	0.025048199987829325	0.06331234916992158	0.13835982432802427	P3F07	No	diploid	GPB2:OAF1:PSK1:nan:UBP13:nan:MNN2:ALG1:CYC8:STN1:DNF2:SWA2:SBE2:PRP3:PHO8:nan:nan:RPB3:nan:ZRG8:CHD1:RPO41:ADE5,7:SEC15:TFG2:SAY1:ZUO1:PRS3:BZZ1:MPC2:SOL3:nan:YUR1:NET1:NPA3:nan:nan:UTH1:MET1:FRA1:nan:RPN13:LEU3:NAB6:URA5:MVP1:MCM1:RTP1:FAA4:RKR1:ROY1:PPA2:MET2:PSY2:FAR11:YNL030W;YNL030W:FPK1:PFK27:IZH4:AUS1:CRS5:RGA1:MOD5:REV1:CDC60:ISM1:HAL1:nan:ANT1	True
P3	F08	0.03526201202077879	0.05930290875686354	0.09417567281656876	0.12442622223071942	-0.004764646361773255	0.07694617843721754	0.09469874726232423	0.08371510233728896	P3F08	No	diploid		False
P3	F09	0.0018576532923460442	-0.006746710729568686	0.12771533868589768	0.15105253901039434	-0.01209878545331778	0.02959900298810228	0.09051557440230427	0.13546343476722078	P3F09	No	diploid	R0020C:FUN12:SCS22:SCO2:PDI1:BUD5:HEM3:YDL159W;YDL159W;YDL159C-B:PMT1:TMN2:SBE2:ARO80:SSN2:nan:TIR3:YEN1:FCY22:SWI4:PMD1:MNT2:POX1:MRM2:COQ8:ADE6:NNF2:ESP1:APL6:nan:SRS2:BBC1:BBC1:BBC1:BBC1:MRX12:UBA1:KKQ8:TUL1:IXR1:SET3:SPO14:HSP104:STU2:PER33:CCW12:ACE2:CSC1:ROM2:ECM30:NDI1:NUP188:ARG81:SUR7:SPT5:YAP1:SPG5:ATG2:BNI4:RIA1:MLF3:TCB1:YPK9:TYE7:NIP100:SET6:nan:SEC16:SUR1:SMA1:RGC1:KRE6:RPC82	True
P3	F10	-0.033910515697945884	-0.004639896527645959	0.12443702572240213	0.15662356066527186	-0.02035479845564106	0.05173084012800877	0.1011720862975143	0.12835756787928154	P3F10	No	diploid		False
P3	F11	-0.08127096966072675	-0.02519004557983933	0.061841912322839136	0.11311684397005813	-0.17522034232608966	0.020397099473089382	0.03502279069423664	0.08750500138885699	P3F11	No	alpha	R0020C:OAF1:PIM1:IPP1:LYS2:ARC40:GBP2:POL4:CWH43:SSK22:GDH2:GDH2:ACK1:USO1:VPS41:SUR2:SUR2:SKP1:RVS167:FDC1:nan:CBR1:SSA4:YER103W;YER103W:COX15:ADE5,7:VID30:HNM1:PHB1:MES1:PUT2:YHR084W;YHR084W:BZZ1:WSS1:RTT107:AIM46:OPT1:DPI8:TRK1:SRS2:SRS2:nan:HUL4:UTR1:OPI3:MNS1:RPL14A:MLP1:HSP104:AAT2:LAM6:NOP56:PDR8:nan:TMA10:DCR2:COQ5:ZDS2:TEM1:SOV1:CTF18:CTF13:GAS3:GAS1:YPT11:MSB3:IST1:WHI3:NPR1:RPL25:IRA2:GPD2:PRE6:AHC1:DBP5:PRT1:nan:FRE5:FMP40:SET6:nan:PNG1:RPS6A:SDD4:SYT1:nan	True
P3	F12	-0.04467035210652345	-0.02012341591494701	0.09563859251121518	0.14808967180840588	-0.048954363198380584	0.04645440995247145	0.0591157412416073	0.09698811858769896	P3F12	No	diploid		False
P3	G01	0.004599249043332468	0.02511649811284493	0.08470137559089369		-0.1993475770763326	0.017703868507766476	0.04937783456570777	0.09749083312341268	P3G01	blank	blank		False
P3	G02	-0.05629746388681275	-0.007333925336194709	0.06492002223613885	0.12862868594785448	-0.11540052784012148	0.014683432437943041	0.04431376778394887	0.10234706932554133	P3G02	No	a	R0020C:OAF1:SWH1:NUP170:FUI1:SCT1:nan:LRE1:FUS1:MRPL32:ADP1:nan:PMT5:AHK1:BAP3:PDC2:nan:FOB1:HOM2:SEC7:CDS_IV_802984_804306:HMO1:TCP1:SIR4:AMD2:MRX10:DPL1:HDA2:SBE2:CAD1:PKH3:MET30:FLO11:ZRG8:HIS1:ALD5:NUP157:BCK2:ZNF1:EPL1:RPL2A:ADE5,7:STT3:PMC1:PTI1:BIO2:VMR1:DAP2:NCP1:nan:YHR084W;YHR084W:HXT5:RPB4:LCB3:IME2:MNN4:KKQ8:BUD2:SFK1:RGT1:MCO12:PRP16:FRE6:FRE6:PUF3:REX3:GSY2:GCD7:TAD3:ADE13:DCR2:SFP1:INA1:ERO1:FET3:CTF18:CEP3:RKR1:ADE4:WHI3:YGP1:DBP2:HDA1:MRP7:MSH2:ESC8:SIN3:SIN3:DED1:STE4:MYO2:TFB6:TYW1:HOS3:ATG11:AOS1:SEC23:GDB1:SGE1	True
P3	G03	0.021000975327632843	0.03583501507189374	0.07570079324975179	0.1380254210468421	-0.15299505979027372	0.04743617462674001	0.07877493874474986	0.10500656054138584	P3G03	No	a		False
P3	G04	-0.015191873761837815	0.010849657103534506	0.0487531134466241	0.1037303235331536	-0.16145233862256064	0.024988917108221702	0.058379612141690476	0.0736553729009771	P3G04	No	a		False
P3	G05	-0.0830386969566062	0.0012933758683248279	0.02451732477895476	0.10212375888779276	-0.09569039110595944	0.022196440820743586	0.05267947014140867	0.07376224295856386	P3G05	No	a	R0020C:R0020C:CDC24:CLN3:BUD14:ILS1:AAR2:TOD6:CHS3:nan:RIF1:APE3:LEU2:RRT12:RDS1:CLB3:RAM1:SIR2:MRX9:DNF2:nan:SIZ1:nan:CDS_IX_29031_29414:FLX1:ASG1:SEC24:nan:YVH1:PXP1:YAT2:GIP2:SHO1:SPT2:BRR2:COS4:CSE1:GCN1:nan:CEG1:AFT1:nan:ADE6:PEX8:KSP1:KSP1:SET5:RPL17B:YUR1:TIF2:LCB3:ARG2:UBX6:IME1:JHD2:nan:nan:MNN4:nan:YJU3:URB1:RPC37:YBT1:HSP104:FMP25:THI7:CTF3:HMG2:COQ5:POB3:CLU1:CDS_XIII_373093_377055:ISF1:INP1:ESC1:TAF7:TRI1:RSN1:NIP1:NIP1:CHS1:FKH2:LAP2:PPG1:AVO1:DBP5:YRM1:FRE3:GYP5:MMT2:MRN1:RRD2:TFB4:KAR3:NCE102:CUR1	True
P3	G06	-0.03627624311418017	0.00832909706512655	0.08941378421698404	0.1450692657435538	-0.06229572629574912	0.06113228132365835	0.09410394371349903	0.12014102615506494	P3G06	No	a	R0020C:nan:nan:SRO77:CDS_II_29934_31226:SKT5:APL3:HMT1:CHS2:FMP23:MEC1:RPB5:COS111:nan:ALG7:SPS22:HIS4:DCC1:OCA4:UFD2:nan:POL3:BAP3:YOS9:RLI1:APC4:PEX7:PEX10:YCG1:nan:PAL1:YPQ2:ECM11:ADA2:RMT2:CWC21:ESL1:SGA1:SEC6:CDS_IX_437043_437735:YEA6:HIS1:BEM2:BCK2:AQY3:RIM15:GAT1:RSC8:ADE5,7:SKI8:SPT16:MCM6:IME4:TPN1:PMC1:nan:nan:ADE3:nan:ERV29:VMR1:nan:OSH7:nan:SMF2:RRP3:KSP1:ARO9:nan:NVJ1:OPT1:HSP150:YUR1:LCB3:UTP10:SRS2:NET1:PSF2:nan:GPI14:MNS1:COS5:MCH2:CBT1:FAS1:TPO5:ABF1:BUD2:RSC4:IRS4:RPF2:HSP104:YLR141W;YLR141W:PEX13:HMX1:THI7:CDC3:RPP0:KAP95:STE11:LEU3:NGL3:NGL3:ARG81:UTP14:TCB3:DAK1:SDD2:PDS5:NAM7:ALD3:MMT1:HXT14:ATP11:MET2:IPI3:CPT1:INP52:RTC1:WSC3:IRA2:ARG1:SIN3:RPL33B:LDB19:PDR10:RPA190:PUS1:NAB3:ODC1	True
P3	G07	-0.026235856416278285	0.02001928197911692	0.04368725309690512	0.13475654219119376	0.001079765550840349	0.01825809155262014	0.050556452006442786	0.08660374167391165	P3G07	No	diploid		False
P3	G08	-0.0011193867137915328	0.040223462021035175	0.11391277478580487	0.17905056804199304	-0.017261209835407257	0.042148366420806896	0.0787045488899398	0.1393334242729513	P3G08	No	diploid		False
P3	G09	-0.014169383798965832	0.016207399563461143	0.1069696371430183	0.16802331545609758	-0.022391381257395086	0.03593422432013474	0.053994662228642167	0.13677806234760465	P3G09	No	diploid	R0020C:R0020C:MAP2:MAP2:VPS15:ISW1:PAU3:nan:DBP10:CDC7:CDC34:TPS2:SUR2:BNR1:CAB2:GLC7:HXT10:ADE5,7:PRP43:YGL014W;YGL014W:OKP1:SER2:MAL12:SBP1:GUT1:DUR3:SRS2:RRP14:CCW12:CCW12:CCW12:CCW12:ACS2:SFP1:YPT7:SEN15:nan:ABZ2:MCK1:FAR11:HRB1:HXT11:MED7:PKH2:SIN3:AUS1:AFI1:RUP1:ISN1:MED4:ULS1:PIP2	True
P3	G10	-0.027779189207277337	0.013019407097865657	0.10343644270103622	0.13962907238176306	-0.02235380491236241	0.03900265137995119	0.08877938934386535	0.12554097889915206	P3G10	No	diploid	R0020C:R0020C:FLO9:ACS1:SYN8:nan:STU1:NCL1:SCT1:MEC1:ADH5:DUG2:CDS_III_2824_3750:PBN1:FIG2:GDH2:nan:nan:MTC5:YCF1:RVB1:RTN1:PEX5:ZIP1:HIM1:SHE9:MRP20:CYM1:STP1:VPS3:ITR1:BNR1:MLP2:SDP1:HPM1:nan:PRB1:RPL12A:FRD1:VAC8:SPC25:FCY21:PEA2:FRS2:ADE5,7:CDC43:RMD9:nan:nan:nan:MDR1:PCT1:YAP1802:MIP6:PRP8:LCB3:TAH11:UTR1:MIR1:TMH11:PXP2:JHD2:PTM1:HEL1:nan:TRZ1:HSP104:SUL2:CCW12:CSC1:YLR451W;YLR451W;YLR451W:ARG81:YOX1:PEX9:ATP25:MUB1:nan:RGM1:GYL1:UBP15:RPD3:BNI1:PIK1:PIK1:RIO2:KAR1:SPC98:YNL030W;YNL030W:NOG2:ENB1:SDH5:GAL11:SIN3:SGO1:DCS2:RPT4:SNU66:FIT2:PHR1:IQG1:PXA1:VPS16	True
P3	G11	-0.058094487095976026	0.0038376722547012257	0.058716412701588186	0.09988277120067096	-0.15677465205494584	0.023025960478916245	0.04006841191644131	0.06695623626412832	P3G11	No	alpha	R0020C:R0020C:ACS1:PSK1:PKC1:FUI1:RCR1:CYC8:nan:DUG2:STP22:ADP1:HTL1:ADY3:CBS2:EBS1:HXT3:HXT3:SVF1:ESF1:SDH6:ATO3:HKR1:HKR1:TIF35:PRP3:URC2:KTR7:PAN1:NUP157:NUP157:SPT2:nan:SLD3:SNU71:nan:ADE6:NNF2:CAF130:SLI1:ERV29:MYO1:SSZ1:STE12:CRP1:SKG6:RTT107:URB2:MNN14:HIR3:HSL1:nan:LHS1:CSE4:ANR2:PUT3:nan:SDO1:PER33:KIN2:PEX30:AFG2:MAC1:JLP2:CAT8:EMW1:MRX6:nan:UBP10:INP52:FKH2:SLM2:nan:nan:CTR9:SDD3:YNG1:NFI1:PDR10:PDR10:SAM3:RVB2:FAS2:FAS2:KIP2:SGV1	True
P3	G12	-0.07973641321409125	-0.06421064526849082	-0.11727408007211708	-0.0904413255090586	-0.13978901175119285	-0.21210253208567453	-0.22197335304025945	-0.19254156602572	P3G12	blank	blank		False
P3	H01	-0.024138748827686702	0.012870684984091142			-0.073539165083798				P3H01	blank	blank		False
P3	H02	-0.030546102903298643	0.013976673247103165	0.0550857943987836	0.15005063189608667	-0.10075538976546326	0.030359116990558595	0.06203751248095165	0.10958853019057953	P3H02	No	a		False
P3	H03	-0.02263108513763614	-0.005466243156565846	0.06408366267914335	0.13238194734331885	-0.10050043819736856	0.031216922481016162	0.06940827165559335	0.09477349839358272	P3H03	No	a		False
P3	H04	-0.033370618105564874	0.020812931644692376	0.06572913743415107	0.145599416968133	-0.07063735781999526	0.05283903698597492	0.08772625276852009	0.11078338639880833	P3H04	No	a		False
P3	H05	-0.06313955072678222	-0.00028443563662942234	0.05147306451788435	0.1372065679068179	-0.0768997711032896	0.03538541712276483	0.07651906454425769	0.09082596369757284	P3H05	No	a		False
P3	H06	-0.04158117104526484	0.021498293968041617	0.08571846533750546		-0.08457817733849	0.035866067172910784	0.08296324740933457	0.1160940928652991	P3H06	blank	blank		False
P3	H07	-0.01912328254965964	0.017043637749454398			-0.006862883980672082	0.06826316115417794	0.10830204759518848		P3H07	blank	blank		False
P3	H08	0.02432984532248009	0.04154135648453596			-0.005443180995871745	0.052130438076349546	0.09457541761535952		P3H08	blank	blank		False
P3	H09	0.002087840798137959	0.06234338027048016	0.11470181003968175		-0.01076731703045989	0.059612988589340464	0.08755955971144769		P3H09	blank	blank		False
P3	H10	-0.00785353074997796	0.019291281294787875	0.09237766238752608		-0.04252240242061181	0.045842156465707606	0.08956502194579137		P3H10	blank	blank		False
P3	H11	-0.0265333756168206	0.021138109207366286	0.07894119105910627		-0.11132121992328173	0.027200433046811072	0.05532112133470405		P3H11	blank	blank		False
P3	H12	-0.03458034336247693	0.003972512735458518		0.04010429164517335	-0.03124102917451617	-0.3549696433596543	0.006297572250193187		P3H12	blank	blank		False
